City_ID,City,Country,Date,Lat,Lng,Max Temp,Humidity,Cloudiness,Wind Speed
0,Hithadhoo,MV,2022-08-01 02:11:08,-0.6,73.0833,80.87,73,100,16.44
1,Tuktoyaktuk,CA,2022-08-01 02:11:09,69.4541,-133.0374,49.42,78,98,13.71
2,Berlevag,NO,2022-08-01 02:11:09,70.8578,29.0864,57.2,92,92,2.59
3,Severo-Yeniseyskiy,RU,2022-08-01 02:11:10,60.3725,93.0408,52.57,76,100,6.17
4,Vanimo,PG,2022-08-01 02:07:58,-2.6741,141.3028,86.41,64,76,6.71
5,San Carlos De Bariloche,AR,2022-08-01 02:07:59,-41.1456,-71.3082,35.35,75,100,5.75
6,Grindavik,IS,2022-08-01 02:11:10,63.8424,-22.4338,48.67,87,20,12.66
7,Mizdah,LY,2022-08-01 02:11:10,31.4451,12.9801,73.69,54,1,2.44
8,Fortuna,US,2022-08-01 02:11:11,40.5982,-124.1573,65.93,84,40,12.66
9,Atuona,PF,2022-08-01 02:11:11,-9.8,-139.0333,77.23,71,12,12.08
10,Norman Wells,CA,2022-08-01 02:11:12,65.282,-126.8329,73.11,43,38,8.61
11,Mar Del Plata,AR,2022-08-01 02:07:12,-38.0023,-57.5575,54.88,84,0,5.99
12,Hobyo,SO,2022-08-01 02:11:12,5.3505,48.5268,75.06,85,0,21.45
13,Deputatskiy,RU,2022-08-01 02:11:13,69.3,139.9,68.72,67,100,4.21
14,Vaini,TO,2022-08-01 02:11:13,-21.2,-175.2,80.76,89,75,9.22
15,Trairi,BR,2022-08-01 02:10:18,-3.2778,-39.2689,77.68,84,3,11.45
16,Mahebourg,MU,2022-08-01 02:11:13,-20.4081,57.7,66.25,72,38,10.8
17,Rikitea,PF,2022-08-01 02:11:14,-23.1203,-134.9692,72.1,74,100,24.45
18,Bethel,US,2022-08-01 02:08:00,41.3712,-73.414,77.09,69,20,0.0
19,Kropotkin,RU,2022-08-01 02:11:14,45.4375,40.5756,72.45,53,0,8.48
20,Kruisfontein,ZA,2022-08-01 02:11:15,-34.0033,24.7314,45.03,77,0,6.4
21,Matamoros,MX,2022-08-01 02:09:38,25.5333,-103.25,89.71,23,40,6.91
22,Talcahuano,CL,2022-08-01 02:10:16,-36.7167,-73.1167,49.68,81,75,3.44
23,Ushuaia,AR,2022-08-01 02:09:05,-54.8,-68.3,37.06,93,40,5.75
24,Fairbanks,US,2022-08-01 02:11:01,64.8378,-147.7164,68.59,74,100,4.61
25,Garoua Boulai,CM,2022-08-01 02:11:16,5.8833,14.55,62.71,98,100,6.24
26,Cape Town,ZA,2022-08-01 02:11:16,-33.9258,18.4232,55.38,75,0,8.01
27,Pierre,US,2022-08-01 02:11:17,44.3683,-100.351,81.86,60,0,9.22
28,Souillac,MU,2022-08-01 02:11:17,-20.5167,57.5167,67.89,79,20,7.78
29,Manggar,ID,2022-08-01 02:11:17,-2.8833,108.2667,83.86,72,98,10.8
30,Jamestown,US,2022-08-01 02:11:18,42.097,-79.2353,69.44,47,0,3.44
31,Conceicao Do Araguaia,BR,2022-08-01 02:11:18,-8.2578,-49.2647,81.05,49,87,5.03
32,Beloha,MG,2022-08-01 02:11:19,-25.1667,45.05,63.66,94,2,5.17
33,Verin,ES,2022-08-01 02:11:19,41.9415,-7.4381,74.57,56,0,0.58
34,Yarkovo,RU,2022-08-01 02:11:20,57.4028,67.0786,58.64,80,100,7.56
35,Severo-Kurilsk,RU,2022-08-01 02:08:58,50.6789,156.125,55.49,78,59,10.25
36,Thompson,CA,2022-08-01 02:11:20,55.7435,-97.8558,55.96,79,100,5.46
37,Kodiak,US,2022-08-01 02:06:29,57.79,-152.4072,62.11,72,100,3.44
38,Fuerte Olimpo,PY,2022-08-01 02:11:20,-21.0415,-57.8738,77.83,39,100,5.39
39,Prince Rupert,CA,2022-08-01 02:11:21,54.3161,-130.3201,59.09,88,100,5.75
40,Te Anau,NZ,2022-08-01 02:11:21,-45.4167,167.7167,46.11,91,100,7.87
41,Contramaestre,CU,2022-08-01 02:11:22,20.2978,-76.2414,77.47,88,17,5.5
42,Namibe,AO,2022-08-01 02:07:10,-15.1961,12.1522,56.73,79,3,10.94
43,Meulaboh,ID,2022-08-01 02:11:22,4.1363,96.1285,78.71,84,100,4.05
44,Lompoc,US,2022-08-01 02:11:22,34.6391,-120.4579,81.01,77,75,8.05
45,Hobart,AU,2022-08-01 02:11:23,-42.8794,147.3294,55.26,61,40,14.97
46,Barrow,US,2022-08-01 02:11:24,71.2906,-156.7887,35.62,87,100,9.22
47,Kaitangata,NZ,2022-08-01 02:11:25,-46.2817,169.8464,49.08,64,100,8.1
48,Mataura,NZ,2022-08-01 02:11:25,-46.1927,168.8643,51.48,69,81,9.13
49,Talara,PE,2022-08-01 02:11:26,-4.5772,-81.2719,62.73,87,44,15.52
50,Xichang,CN,2022-08-01 02:11:26,27.8964,102.2634,71.33,81,88,2.17
51,Padang,ID,2022-08-01 02:11:27,-0.9492,100.3543,82.45,77,100,2.26
52,Poum,NC,2022-08-01 02:11:27,-20.2333,164.0167,73.29,71,96,11.56
53,Nago,JP,2022-08-01 02:11:27,26.5881,127.9761,81.03,83,100,13.73
54,Albany,US,2022-08-01 02:11:29,42.6001,-73.9662,73.45,73,100,2.28
55,Itoman,JP,2022-08-01 02:11:29,26.1247,127.6694,80.98,94,75,21.85
56,Salalah,OM,2022-08-01 02:11:29,17.0151,54.0924,77.09,88,75,6.91
57,Shitanjing,CN,2022-08-01 02:11:30,39.2342,106.3439,75.27,68,100,12.3
58,Airai,TL,2022-08-01 02:11:30,-8.9266,125.4092,72.84,53,52,2.66
59,Bilma,NE,2022-08-01 02:11:30,18.6853,12.9164,87.66,41,25,8.01
60,Omboue,GA,2022-08-01 02:11:31,-1.5746,9.2618,71.6,92,39,8.25
61,Kavieng,PG,2022-08-01 02:11:31,-2.5744,150.7967,85.26,69,91,15.46
62,Punta Arenas,CL,2022-08-01 02:08:46,-53.15,-70.9167,42.12,81,75,8.05
63,Ancud,CL,2022-08-01 02:11:32,-41.8697,-73.8203,42.22,85,100,1.05
64,Gold Coast,AU,2022-08-01 02:08:25,-28.0,153.4333,66.18,87,100,9.22
65,Nkan,GA,2022-08-01 02:11:32,0.3833,9.7833,71.73,88,51,3.71
66,Nouakchott,MR,2022-08-01 02:11:32,18.0858,-15.9785,82.33,82,12,10.58
67,Butaritari,KI,2022-08-01 02:11:33,3.0707,172.7902,81.52,78,82,12.97
68,Krasnokholmskiy,RU,2022-08-01 02:11:33,55.9873,55.0466,61.38,89,71,4.76
69,Kamenka,RU,2022-08-01 02:11:34,51.3223,42.7678,60.37,69,96,8.57
70,Hofn,IS,2022-08-01 02:11:34,64.2539,-15.2082,49.5,62,45,15.99
71,Ribeira Grande,PT,2022-08-01 02:11:35,38.5167,-28.7,73.78,76,19,7.07
72,Iqaluit,CA,2022-08-01 02:11:35,63.7506,-68.5145,45.55,80,100,1.07
73,Nelson Bay,AU,2022-08-01 02:11:35,-32.7167,152.15,62.01,78,100,8.01
74,Tual,ID,2022-08-01 02:11:35,-5.6667,132.75,79.56,84,100,17.49
75,Castro,BR,2022-08-01 02:11:36,-24.7911,-50.0119,52.0,79,0,2.24
76,Ondjiva,AO,2022-08-01 02:11:36,-17.0667,15.7333,51.33,42,0,3.02
77,Port Elizabeth,ZA,2022-08-01 02:11:36,-33.918,25.5701,47.32,87,0,5.01
78,Tasiilaq,GL,2022-08-01 02:11:37,65.6145,-37.6368,42.96,51,26,4.07
79,Georgetown,MY,2022-08-01 02:09:09,5.4112,100.3354,81.9,86,20,2.3
80,Arraial Do Cabo,BR,2022-08-01 02:11:37,-22.9661,-42.0278,68.11,71,0,11.03
81,Cairns,AU,2022-08-01 02:08:49,-16.9167,145.7667,77.11,76,100,9.22
82,San Andres,CO,2022-08-01 02:09:23,12.5847,-81.7006,82.42,78,40,12.66
83,Coracora,PE,2022-08-01 02:11:38,-15.0333,-73.7833,46.71,41,0,2.57
84,Bhatkal,IN,2022-08-01 02:11:38,13.9667,74.5667,80.13,87,100,10.8
85,Bredasdorp,ZA,2022-08-01 02:11:39,-34.5322,20.0403,41.56,83,0,3.74
86,Pangnirtung,CA,2022-08-01 02:11:39,66.1451,-65.7125,47.75,85,100,0.85
87,Praia Da Vitoria,PT,2022-08-01 02:11:39,38.7333,-27.0667,70.75,89,2,4.88
88,Ontario,US,2022-08-01 02:07:22,34.0633,-117.6509,92.68,40,75,17.27
89,Waipawa,NZ,2022-08-01 02:11:40,-41.4122,175.5153,51.44,58,2,7.25
90,Isangel,VU,2022-08-01 02:11:40,-19.55,169.2667,76.59,78,92,16.71
91,Busselton,AU,2022-08-01 02:11:41,-33.65,115.3333,59.29,88,100,13.13
92,Cruzilia,BR,2022-08-01 02:11:41,-21.8386,-44.8083,53.71,80,0,5.39
93,Mantua,IT,2022-08-01 02:11:42,45.1667,10.7833,72.09,81,0,6.8
94,Katsuura,JP,2022-08-01 02:11:42,35.1333,140.3,89.62,72,92,11.65
95,Dikson,RU,2022-08-01 02:11:42,73.5069,80.5464,41.31,93,100,8.9
96,Qaanaaq,GL,2022-08-01 02:11:43,77.484,-69.3632,43.9,65,100,2.77
97,New Norfolk,AU,2022-08-01 02:11:43,-42.7826,147.0587,54.91,76,54,1.99
98,Iskateley,RU,2022-08-01 02:11:43,67.6803,53.1512,65.16,66,100,12.01
99,Sobolevo,RU,2022-08-01 02:11:44,54.4299,31.8996,59.79,74,100,8.52
100,Maldonado,UY,2022-08-01 02:09:54,-34.6667,-54.9167,50.23,87,97,4.5
101,Amahai,ID,2022-08-01 02:08:13,-3.3333,128.9167,81.23,78,90,3.8
102,Boueni,YT,2022-08-01 02:11:44,-12.9025,45.0761,71.58,73,15,2.82
103,Monte Patria,CL,2022-08-01 02:11:45,-30.6919,-70.9467,58.8,65,100,1.88
104,Aksarka,RU,2022-08-01 02:11:45,66.5606,67.7975,55.9,67,31,6.44
105,La Grande,US,2022-08-01 02:06:47,45.3246,-118.0877,91.02,35,70,2.77
106,Freire,CL,2022-08-01 02:11:45,-38.95,-72.6333,40.8,100,75,0.0
107,Tecoanapa,MX,2022-08-01 02:11:46,16.5167,-98.75,82.51,78,89,8.3
108,Puerto Ayora,EC,2022-08-01 02:11:46,-0.7393,-90.3518,71.55,92,79,5.99
109,Hermanus,ZA,2022-08-01 02:11:47,-34.4187,19.2345,38.8,74,0,7.54
110,Maues,BR,2022-08-01 02:07:27,-3.3836,-57.7186,73.72,94,79,1.97
111,Trinidad,BO,2022-08-01 02:11:47,-14.8333,-64.9,74.35,54,0,2.71
112,Qaqortoq,GL,2022-08-01 02:11:48,60.7167,-46.0333,44.85,95,100,3.96
113,Juneau,US,2022-08-01 02:08:25,58.3019,-134.4197,62.6,99,100,3.44
114,La Romana,DO,2022-08-01 02:11:48,18.4273,-68.9728,80.96,89,40,13.8
115,Avarua,CK,2022-08-01 02:11:49,-21.2078,-159.775,77.05,73,75,13.8
116,Hilo,US,2022-08-01 02:11:49,19.7297,-155.09,83.12,62,40,11.5
117,Saint-Francois,FR,2022-08-01 02:11:50,46.4154,3.9054,59.68,88,0,3.44
118,Faanui,PF,2022-08-01 02:11:50,-16.4833,-151.75,78.42,72,10,23.94
119,Neuquen,AR,2022-08-01 02:11:50,-38.9516,-68.0591,49.19,50,100,3.44
120,Nikolskoye,RU,2022-08-01 02:11:51,59.7035,30.7861,57.79,83,100,4.41
121,Saldanha,ZA,2022-08-01 02:11:51,-33.0117,17.9442,50.31,80,0,13.09
122,Atar,MR,2022-08-01 02:11:51,20.5169,-13.0499,89.67,44,0,11.72
123,Port Hardy,CA,2022-08-01 02:11:52,50.6996,-127.4199,64.76,83,100,12.37
124,East London,ZA,2022-08-01 02:11:52,-33.0153,27.9116,53.49,62,0,6.76
125,Tommot,RU,2022-08-01 02:11:52,58.9564,126.2925,71.46,79,100,4.7
126,Pocosol,CR,2022-08-01 02:11:53,10.3667,-84.6167,77.29,96,80,3.65
127,Bluff,NZ,2022-08-01 02:11:53,-46.6,168.3333,51.8,74,100,16.87
128,Yellowknife,CA,2022-08-01 02:11:54,62.456,-114.3525,60.66,48,52,7.47
129,Lira,UG,2022-08-01 02:11:54,2.235,32.9097,64.15,97,100,3.11
130,Peniche,PT,2022-08-01 02:11:54,39.3558,-9.3811,67.28,95,0,5.14
131,Caravelas,BR,2022-08-01 02:11:55,-17.7125,-39.2481,70.16,90,80,7.9
132,Hambantota,LK,2022-08-01 02:07:56,6.1241,81.1185,77.34,100,75,6.91
133,Torbay,CA,2022-08-01 02:11:55,47.6666,-52.7314,67.87,79,10,13.69
134,Burns Lake,CA,2022-08-01 02:11:56,54.2331,-125.7533,79.07,35,56,8.95
135,Vila Franca Do Campo,PT,2022-08-01 02:11:56,37.7167,-25.4333,70.21,85,4,4.36
136,Ajdabiya,LY,2022-08-01 02:11:56,30.7554,20.2263,75.63,89,0,7.72
137,Trelew,AR,2022-08-01 02:07:16,-43.249,-65.3051,45.88,79,100,6.69
138,Antofagasta,CL,2022-08-01 02:11:57,-23.65,-70.4,56.48,85,59,5.48
139,Roald,NO,2022-08-01 02:11:57,62.5833,6.1333,55.17,81,75,5.75
140,Leningradskiy,RU,2022-08-01 02:11:57,69.3833,178.4167,51.39,64,57,9.28
141,Chokurdakh,RU,2022-08-01 02:11:58,70.6333,147.9167,66.87,61,100,8.46
142,Doha,QA,2022-08-01 02:11:51,25.2867,51.5333,93.18,70,0,5.75
143,Bambous Virieux,MU,2022-08-01 02:11:58,-20.3428,57.7575,66.22,71,43,11.03
144,Vardo,NO,2022-08-01 02:11:59,70.3705,31.1107,49.98,100,100,0.0
145,Elko,US,2022-08-01 02:11:59,41.0002,-115.5012,95.02,16,72,14.0
146,Namanga,KE,2022-08-01 02:11:59,-2.5433,36.7905,61.75,87,95,3.96
147,Moctezuma,MX,2022-08-01 02:12:00,29.8,-109.6667,83.43,64,71,6.2
148,Cabo San Lucas,MX,2022-08-01 02:09:23,22.8909,-109.9124,84.51,80,75,5.75
149,Longyearbyen,SJ,2022-08-01 02:12:00,78.2186,15.6401,49.84,81,40,6.91
150,Pevek,RU,2022-08-01 02:12:01,69.7008,170.3133,52.2,55,0,11.12
151,Ostrovnoy,RU,2022-08-01 02:12:01,68.0531,39.5131,55.27,79,94,4.88
152,Benjamin Constant,BR,2022-08-01 02:12:01,-4.3831,-70.0311,75.33,86,98,1.54
153,Nouadhibou,MR,2022-08-01 02:12:02,20.931,-17.0347,70.92,91,1,10.58
154,Saint-Augustin,CA,2022-08-01 02:12:02,51.226,-58.6502,65.53,67,87,9.37
155,Jutai,BR,2022-08-01 02:12:03,-5.1833,-68.9,74.17,91,89,1.36
156,Geraldton,AU,2022-08-01 02:12:03,-28.7667,114.6,68.41,64,100,25.32
157,Khatanga,RU,2022-08-01 02:12:03,71.9667,102.5,48.58,63,66,11.95
158,Rocha,UY,2022-08-01 02:11:11,-34.4833,-54.3333,46.87,81,68,4.45
159,Tilichiki,RU,2022-08-01 02:12:04,60.4667,166.1,56.82,64,18,7.94
160,Falmouth,GB,2022-08-01 02:12:04,50.1544,-5.0711,63.5,94,100,4.61
161,Grand-Santi,GF,2022-08-01 02:12:04,4.25,-54.3833,71.92,98,79,2.26
162,Mugur-Aksy,RU,2022-08-01 02:12:05,50.35,90.5,54.46,78,99,2.55
163,Carnarvon,AU,2022-08-01 02:12:05,-24.8667,113.6333,70.09,74,100,17.38
164,Victoria,HK,2022-08-01 02:12:06,22.2855,114.1577,92.25,72,90,1.99
165,Hurricane,US,2022-08-01 02:09:17,37.1753,-113.2899,86.34,61,100,7.31
166,Itarema,BR,2022-08-01 02:12:06,-2.9248,-39.9167,78.37,83,1,12.97
167,Zakamensk,RU,2022-08-01 02:12:06,50.3741,103.2863,74.61,49,25,0.92
168,Kapaa,US,2022-08-01 02:12:07,22.0752,-159.319,87.78,62,20,17.27
169,Medicine Hat,CA,2022-08-01 02:12:07,50.0501,-110.6683,90.21,31,0,1.99
170,Nome,US,2022-08-01 02:12:08,64.5011,-165.4064,58.15,77,100,9.22
171,Altamira,BR,2022-08-01 02:12:08,-3.2033,-52.2064,72.84,92,47,1.52
172,Riyadh,SA,2022-08-01 02:11:44,24.6877,46.7219,86.14,72,100,7.78
173,Tessalit,ML,2022-08-01 02:12:08,20.1986,1.0114,90.39,21,35,2.26
174,Tiksi,RU,2022-08-01 02:12:09,71.6872,128.8694,40.28,94,100,17.07
175,Catamarca,AR,2022-08-01 02:12:09,-28.4696,-65.7852,60.78,50,0,1.99
176,Labuhan,ID,2022-08-01 02:12:10,-6.8844,112.2051,81.86,68,32,5.39
177,Hidalgotitlan,MX,2022-08-01 02:12:10,17.7833,-94.6333,75.74,94,97,6.42
178,Saint-Pierre,RE,2022-08-01 02:12:10,-21.3393,55.4781,68.92,64,0,6.91
179,Zharkent,KZ,2022-08-01 02:12:11,44.1628,80.0,76.33,38,56,4.99
180,Saint George,US,2022-08-01 02:12:11,37.1041,-113.5841,87.44,52,0,11.5
181,Lano,NG,2022-08-01 02:12:12,10.1725,11.4715,76.44,77,99,7.7
182,Bonthe,SL,2022-08-01 02:12:12,7.5264,-12.505,76.03,82,100,8.88
183,Mackay,AU,2022-08-01 02:12:13,-21.15,149.2,75.69,72,1,7.47
184,Adre,TD,2022-08-01 02:12:13,13.4667,22.2,72.0,87,100,7.74
185,Vao,NC,2022-08-01 02:12:13,-22.6667,167.4833,70.0,77,87,24.63
186,Veraval,IN,2022-08-01 02:12:14,20.9,70.3667,81.54,79,96,14.34
187,Carutapera,BR,2022-08-01 02:12:14,-1.195,-46.02,76.08,92,100,4.16
188,Muravlenko,RU,2022-08-01 02:12:15,63.7898,74.523,54.79,60,2,13.8
189,Lebu,CL,2022-08-01 02:12:15,-37.6167,-73.65,46.58,84,100,4.32
190,Buritis,BR,2022-08-01 02:12:16,-15.6178,-46.4233,71.28,32,0,1.41
191,Upernavik,GL,2022-08-01 02:12:16,72.7868,-56.1549,48.2,69,98,1.81
192,Yulara,AU,2022-08-01 02:12:16,-25.2406,130.9889,64.45,29,39,13.96
193,Kloulklubed,PW,2022-08-01 02:12:17,7.0419,134.2556,77.5,80,100,9.37
194,Balakovo,RU,2022-08-01 02:12:17,52.0278,47.8007,62.33,81,56,5.91
195,Anan,JP,2022-08-01 02:12:18,33.9167,134.65,85.66,74,43,16.2
196,Murray Bridge,AU,2022-08-01 02:09:54,-35.1167,139.2667,58.12,59,0,16.08
197,Waverly,US,2022-08-01 02:08:18,42.7392,-84.6208,76.78,69,0,6.91
198,Kavaratti,IN,2022-08-01 02:12:18,10.5669,72.642,77.94,86,100,23.64
199,Otane,NZ,2022-08-01 02:12:19,-39.8833,176.6333,55.0,51,2,3.2
200,Itupeva,BR,2022-08-01 02:12:19,-23.1531,-47.0578,60.53,67,0,11.5
201,Chapais,CA,2022-08-01 02:12:19,49.7834,-74.8492,61.47,83,43,0.4
202,Tamiahua,MX,2022-08-01 02:12:20,21.2667,-97.45,80.08,76,53,6.38
203,Ninotsminda,GE,2022-08-01 02:12:20,41.2646,43.5916,52.34,91,2,6.29
204,Saint-Louis,SN,2022-08-01 02:12:20,16.3333,-15.0,79.45,76,100,12.28
205,Wattegama,LK,2022-08-01 02:12:21,6.7989,81.4808,76.82,86,100,5.82
206,Susanville,US,2022-08-01 02:12:21,40.4163,-120.653,84.81,35,0,11.5
207,Asfi,MA,2022-08-01 02:12:21,32.2994,-9.2372,75.94,75,61,18.07
208,Murgab,TM,2022-08-01 02:12:22,37.4966,61.9714,82.09,28,98,6.46
209,Toguchin,RU,2022-08-01 02:12:22,55.2353,84.3858,67.87,83,100,4.43
210,Biak,ID,2022-08-01 02:12:22,-0.9131,122.8766,78.3,85,100,4.23
211,Mehamn,NO,2022-08-01 02:12:23,71.0357,27.8492,57.15,94,75,0.0
212,Richards Bay,ZA,2022-08-01 02:11:15,-28.783,32.0377,60.44,76,100,8.48
213,San Luis,AR,2022-08-01 02:12:23,-33.295,-66.3356,53.37,41,76,9.95
214,Provideniya,RU,2022-08-01 02:12:24,64.3833,-173.3,51.37,81,0,4.47
215,Mahanje,TZ,2022-08-01 02:12:24,-9.9333,35.3333,56.43,83,0,2.46
216,Shu,KZ,2022-08-01 02:12:24,43.5983,73.7614,78.31,33,25,3.4
217,Baruun-Urt,MN,2022-08-01 02:12:25,46.6806,113.2792,80.29,35,44,9.91
218,Sao Joao Da Barra,BR,2022-08-01 02:12:25,-21.6403,-41.0511,67.03,73,0,5.77
219,Tuatapere,NZ,2022-08-01 02:07:48,-46.1333,167.6833,50.13,78,100,9.06
220,Charyshskoye,RU,2022-08-01 02:12:26,51.3978,83.5598,68.07,66,97,3.06
221,Kualakapuas,ID,2022-08-01 02:12:26,-3.0091,114.3876,74.44,95,100,3.0
222,Broome,US,2022-08-01 02:12:26,42.2506,-75.833,72.01,80,0,3.44
223,Surt,LY,2022-08-01 02:12:27,31.2089,16.5887,80.19,83,0,5.59
224,Vernon,CA,2022-08-01 02:12:27,50.2581,-119.2691,96.44,21,0,4.0
225,Inongo,CD,2022-08-01 02:12:27,-1.95,18.2667,71.1,66,100,4.23
226,Sao Filipe,CV,2022-08-01 02:12:28,14.8961,-24.4956,75.15,76,18,6.22
227,San Patricio,US,2022-08-01 02:12:28,28.017,-97.5169,86.09,64,63,13.42
228,Nokaneng,BW,2022-08-01 02:12:28,-19.6667,22.2667,55.4,24,0,6.78
229,Codrington,AU,2022-08-01 02:12:29,-38.2667,141.9667,53.62,79,88,17.87
230,Lavrentiya,RU,2022-08-01 02:12:29,65.5833,-171.0,48.56,70,98,5.39
231,Inhambane,MZ,2022-08-01 02:12:30,-23.865,35.3833,65.66,86,9,5.5
232,Lagos,NG,2022-08-01 02:07:40,6.5833,3.75,74.44,87,100,9.35
233,Libreville,GA,2022-08-01 02:12:30,0.3925,9.4537,74.01,85,34,9.33
234,Manta,EC,2022-08-01 02:12:30,-0.95,-80.7333,71.38,83,40,10.36
235,Katherine,AU,2022-08-01 02:12:31,-14.4667,132.2667,82.72,47,10,8.05
236,Along,IN,2022-08-01 02:12:31,28.1667,94.7667,75.16,99,100,0.51
237,Bayir,TR,2022-08-01 02:12:31,37.2687,28.2167,63.12,54,0,5.46
238,Champerico,GT,2022-08-01 02:12:32,14.3,-91.9167,77.13,82,100,7.85
239,Rundu,NA,2022-08-01 02:12:32,-17.9333,19.7667,54.63,30,2,4.54
240,Nyrob,RU,2022-08-01 02:12:32,60.733,56.7202,62.73,94,100,2.08
241,Ak-Dovurak,RU,2022-08-01 02:12:33,51.1833,90.6,66.16,62,100,1.41
242,Saint-Philippe,RE,2022-08-01 02:12:33,-21.3585,55.7679,66.22,79,46,11.79
243,Abu Samrah,SY,2022-08-01 02:12:34,35.3029,37.1841,73.02,62,0,6.89
244,Lorengau,PG,2022-08-01 02:12:34,-2.0226,147.2712,84.65,72,99,11.5
245,Esperance,AU,2022-08-01 02:12:34,-33.8667,121.9,55.24,51,97,21.41
246,Topolobampo,MX,2022-08-01 02:12:35,25.6,-109.05,87.71,48,40,9.22
247,Mugumu,TZ,2022-08-01 02:12:35,-1.85,34.7,59.72,82,8,2.62
248,Kahului,US,2022-08-01 02:09:32,20.8947,-156.47,87.82,59,40,24.16
249,Dicabisagan,PH,2022-08-01 02:12:35,17.0818,122.4157,83.46,78,100,8.48
250,Ballina,AU,2022-08-01 02:12:36,-28.8667,153.5667,67.01,84,100,9.33
251,Liverpool,GB,2022-08-01 02:08:10,53.4106,-2.9779,55.35,81,100,6.91
252,Boa Vista,BR,2022-08-01 02:12:36,2.8197,-60.6733,82.38,74,20,6.91
253,Bengkulu,ID,2022-08-01 02:12:37,-3.8004,102.2655,81.0,73,82,2.21
254,Sulangan,PH,2022-08-01 02:12:37,11.1373,123.7228,82.06,76,100,3.4
255,Sorland,NO,2022-08-01 02:12:38,67.667,12.6934,53.46,84,100,11.72
256,Pacific Grove,US,2022-08-01 02:12:38,36.6177,-121.9166,72.55,84,0,6.91
257,Paragould,US,2022-08-01 02:12:38,36.0584,-90.4973,77.9,94,100,9.35
258,Channel-Port Aux Basques,CA,2022-08-01 02:12:39,47.5702,-59.1367,62.96,90,10,10.38
259,Camopi,GF,2022-08-01 02:12:39,3.1655,-52.3158,71.53,99,59,2.1
260,Saskylakh,RU,2022-08-01 02:12:39,71.9167,114.0833,45.73,76,100,9.91
261,Jiaocheng,CN,2022-08-01 02:12:40,24.6774,116.1389,92.68,50,96,2.71
262,Otradnoye,RU,2022-08-01 02:12:40,59.7775,30.8181,57.96,84,100,4.45
263,Paamiut,GL,2022-08-01 02:12:40,61.994,-49.6678,45.81,88,100,4.16
264,Korcula,HR,2022-08-01 02:12:41,42.9622,17.1369,77.34,54,0,6.44
265,Dzilam Gonzalez,MX,2022-08-01 02:12:41,21.2833,-88.9333,81.21,78,24,7.87
266,Olafsvik,IS,2022-08-01 02:12:41,64.8945,-23.7142,48.38,66,69,7.4
267,Esna,EG,2022-08-01 02:12:42,25.2934,32.554,85.24,23,15,7.65
268,Dyurtyuli,RU,2022-08-01 02:12:42,55.4911,54.8688,62.55,81,99,5.32
269,Sibu,MY,2022-08-01 02:12:42,2.3,111.8167,84.29,66,90,3.13
270,Mahajanga,MG,2022-08-01 02:12:43,-15.7167,46.3167,68.11,71,0,7.99
271,Port Alfred,ZA,2022-08-01 02:12:43,-33.5906,26.891,51.93,72,0,9.42
272,Caconda,AO,2022-08-01 02:11:25,-13.7333,15.0667,51.53,70,0,4.32
273,Waspan,NI,2022-08-01 02:12:44,14.7419,-83.9717,74.44,98,100,3.44
274,Praia,CV,2022-08-01 02:12:44,14.9215,-23.5087,76.3,78,65,6.89
275,Kapuskasing,CA,2022-08-01 02:12:44,49.4169,-82.4331,66.29,94,100,2.3
276,Lagoa,PT,2022-08-01 02:12:45,39.05,-27.9833,72.39,75,0,8.97
277,Gat,IL,2022-08-01 02:12:45,31.61,34.7642,75.88,100,0,2.33
278,Abnub,EG,2022-08-01 02:12:46,27.2696,31.1511,82.2,48,21,7.9
279,Fasa,IR,2022-08-01 02:12:46,28.9383,53.6482,75.58,70,100,1.72
280,Constitucion,CL,2022-08-01 02:12:47,-35.3333,-72.4167,48.65,89,95,3.98
281,Seoul,KR,2022-08-01 02:12:47,37.5683,126.9778,83.64,89,75,6.91
282,Bograd,RU,2022-08-01 02:12:47,54.2344,90.8328,71.85,57,62,1.12
283,Cabedelo,BR,2022-08-01 02:12:47,-6.9811,-34.8339,74.07,83,97,12.73
284,Bathsheba,BB,2022-08-01 02:12:48,13.2167,-59.5167,82.06,90,99,20.38
285,Tigil,RU,2022-08-01 02:12:48,57.8,158.6667,69.1,45,11,1.68
286,San Cristobal,VE,2022-08-01 02:09:24,7.7669,-72.225,68.18,98,100,1.34
287,Ocampo,MX,2022-08-01 02:12:49,21.65,-101.5,62.1,62,99,17.43
288,Sistranda,NO,2022-08-01 02:12:49,63.7256,8.834,51.76,77,100,8.46
289,Galveston,US,2022-08-01 02:12:49,29.3669,-94.9669,86.95,75,12,1.99
290,Brewster,US,2022-08-01 02:12:50,41.3973,-73.6171,77.32,71,20,0.0
291,Haines Junction,CA,2022-08-01 02:12:50,60.7522,-137.5108,63.32,56,100,5.01
292,Minot,US,2022-08-01 02:07:57,48.2325,-101.2963,71.82,68,20,3.44
293,Turiacu,BR,2022-08-01 02:12:51,-1.6633,-45.3717,73.72,96,98,3.33
294,Sakakah,SA,2022-08-01 02:12:51,29.9697,40.2064,88.0,19,52,2.35
295,Batemans Bay,AU,2022-08-01 02:12:51,-35.7167,150.1833,59.09,43,3,12.12
296,Kabo,CF,2022-08-01 02:12:52,7.6994,18.629,69.64,96,100,4.32
297,Yarmouth,US,2022-08-01 02:12:52,41.7057,-70.2286,75.31,80,0,8.05
298,Lodja,CD,2022-08-01 02:12:52,-3.4833,23.4333,71.51,78,89,1.61
299,Vangaindrano,MG,2022-08-01 02:12:53,-23.35,47.6,63.79,94,35,5.23
300,Kemijarvi,FI,2022-08-01 02:12:53,66.7131,27.4306,51.28,96,100,2.68
301,Alofi,NU,2022-08-01 02:12:53,-19.0595,-169.9187,77.25,78,3,22.28
302,Ngunguru,NZ,2022-08-01 02:12:54,-35.6167,174.5,59.13,49,2,7.09
303,Dryden,CA,2022-08-01 02:12:54,49.7833,-92.7503,61.09,100,100,9.22
304,Bodden Town,KY,2022-08-01 02:12:54,19.2833,-81.25,89.01,81,6,5.01
305,Simao,CN,2022-08-01 02:08:06,22.7886,100.9748,70.05,95,100,1.45
306,Marsa Matruh,EG,2022-08-01 02:12:55,31.3525,27.2453,77.36,83,1,12.08
307,Winslow,US,2022-08-01 02:12:55,35.0242,-110.6974,82.58,42,0,16.11
308,Severnyy,RU,2022-08-01 02:12:56,50.677,36.5532,59.04,72,0,6.71
309,Lashio,MM,2022-08-01 02:12:57,22.9333,97.75,71.29,98,100,1.19
310,Acapulco,MX,2022-08-01 02:12:57,16.8634,-99.8901,84.02,79,100,10.36
311,Cidreira,BR,2022-08-01 02:12:58,-30.1811,-50.2056,58.41,90,2,9.1
312,Beyneu,KZ,2022-08-01 02:12:58,45.3167,55.2,80.04,39,37,8.23
313,Wagar,SD,2022-08-01 02:12:59,16.1525,36.2032,76.08,80,98,20.8
314,Kolondieba,ML,2022-08-01 02:12:59,11.0882,-6.8926,73.24,91,100,3.96
315,Sambava,MG,2022-08-01 02:12:59,-14.2667,50.1667,66.49,89,30,8.93
316,Kudahuvadhoo,MV,2022-08-01 02:09:54,2.6708,72.8944,81.41,71,100,23.42
317,Verkhnevilyuysk,RU,2022-08-01 02:12:18,63.4453,120.3167,68.25,87,100,4.21
318,North Bend,US,2022-08-01 02:13:00,43.4065,-124.2243,72.25,94,20,6.91
319,Sweetwater,US,2022-08-01 02:13:00,25.7634,-80.3731,85.01,81,40,11.5
320,Chiang Klang,TH,2022-08-01 02:13:01,19.2938,100.8617,78.87,93,99,1.25
321,Talnakh,RU,2022-08-01 02:13:01,69.4865,88.3972,49.21,53,4,22.55
322,Pochutla,MX,2022-08-01 02:13:01,15.7432,-96.4661,82.22,87,29,2.91
323,Cayenne,GF,2022-08-01 02:13:02,4.9333,-52.3333,82.09,1,69,1.14
324,Pokhara,NP,2022-08-01 02:13:02,28.2333,83.9833,72.73,95,100,0.69
325,Alugan,PH,2022-08-01 02:13:02,12.2188,125.4808,85.37,70,100,9.01
326,Kawalu,ID,2022-08-01 02:13:03,-7.3817,108.2082,82.63,58,42,1.61
327,Tacuati,PY,2022-08-01 02:13:03,-23.45,-56.5833,65.05,60,1,2.21
328,Shelburne,CA,2022-08-01 02:08:31,44.0787,-80.2041,70.75,59,100,3.4
329,Neryungri,RU,2022-08-01 02:13:04,56.6709,124.6491,67.15,76,100,2.44
330,Quartucciu,IT,2022-08-01 02:13:05,39.2519,9.1794,75.99,73,0,10.0
331,Fallon,US,2022-08-01 02:13:05,39.4735,-118.7774,94.44,20,98,19.86
332,Horki,BY,2022-08-01 02:13:05,54.2861,30.9842,60.98,68,100,8.59
333,San Policarpo,PH,2022-08-01 02:13:06,12.1791,125.5072,85.17,71,100,9.31
334,Chuy,UY,2022-08-01 02:13:06,-33.6971,-53.4616,47.03,84,51,5.14
335,Hurghada,EG,2022-08-01 02:13:07,27.2574,33.8129,84.33,37,68,14.34
336,Mecca,SA,2022-08-01 02:13:07,21.4267,39.8261,86.18,27,89,3.2
337,Mount Gambier,AU,2022-08-01 02:13:08,-37.8333,140.7667,57.11,67,75,17.27
338,Taoudenni,ML,2022-08-01 02:13:08,22.6783,-3.9836,93.51,29,72,8.72
339,Anshun,CN,2022-08-01 02:13:08,26.25,105.9333,72.88,77,82,10.11
340,Korla,CN,2022-08-01 02:13:09,41.7597,86.1469,81.37,35,16,15.14
341,Pachino,IT,2022-08-01 02:13:09,36.7186,15.0907,79.43,72,0,6.4
342,Byron Bay,AU,2022-08-01 02:13:09,-28.65,153.6167,66.94,77,100,9.42
343,Pringsewu,ID,2022-08-01 02:13:10,-5.3582,104.9744,80.96,80,42,2.46
344,The Valley,AI,2022-08-01 02:13:11,18.217,-63.0578,83.1,77,100,19.33
345,Beroroha,MG,2022-08-01 02:13:12,-21.6667,45.1667,65.73,70,6,2.48
346,Tura,IN,2022-08-01 02:13:12,25.5198,90.2201,74.1,98,100,5.44
347,Palauig,PH,2022-08-01 02:13:12,15.435,119.9045,81.45,81,100,10.49
348,Krasnokamsk,RU,2022-08-01 02:13:13,58.0802,55.7541,62.76,96,100,3.09
349,Egvekinot,RU,2022-08-01 02:13:13,66.3167,-179.1667,55.4,46,25,4.97
350,Lafiagi,NG,2022-08-01 02:13:14,8.8667,5.4167,72.52,95,100,6.6
351,Lata,PT,2022-08-01 02:13:14,40.1629,-8.3327,69.08,58,0,2.44
352,Luderitz,NA,2022-08-01 02:13:14,-26.6481,15.1594,56.61,55,0,5.57
353,Mitu,CO,2022-08-01 02:13:15,1.1983,-70.1733,71.74,98,100,0.94
354,Moranbah,AU,2022-08-01 02:13:15,-22.0016,148.0466,72.99,47,1,8.66
355,Morgan Hill,US,2022-08-01 02:13:16,37.1305,-121.6544,80.92,49,0,5.99
356,Rivera,UY,2022-08-01 02:12:00,-30.9053,-55.5508,48.7,88,0,3.65
357,Hasaki,JP,2022-08-01 02:13:16,35.7333,140.8333,97.29,67,99,5.84
358,Walvis Bay,NA,2022-08-01 02:13:17,-22.9575,14.5053,55.09,91,14,9.86
359,Hit,IQ,2022-08-01 02:13:17,33.6416,42.8251,91.45,16,6,8.46
360,Yar-Sale,RU,2022-08-01 02:13:17,66.8333,70.8333,54.3,66,5,8.03
361,Kintampo,GH,2022-08-01 02:13:18,8.0563,-1.7306,69.03,95,100,7.09
362,Alice Springs,AU,2022-08-01 02:13:00,-23.7,133.8833,62.15,36,49,16.11
363,Soma,TR,2022-08-01 02:13:18,39.1855,27.6094,68.65,76,0,7.63
364,Aklavik,CA,2022-08-01 02:13:19,68.2191,-135.0107,67.5,45,75,6.93
365,Coquimbo,CL,2022-08-01 02:13:19,-29.9533,-71.3436,53.33,93,0,4.61
366,Khandyga,RU,2022-08-01 02:13:19,62.6667,135.6,82.9,44,100,5.48
367,Ponta Delgada,PT,2022-08-01 02:13:20,37.7333,-25.6667,70.52,83,40,3.44
368,Uruana,BR,2022-08-01 02:13:20,-15.4981,-49.6875,71.47,29,0,0.67
369,Tingo Maria,PE,2022-08-01 02:13:20,-9.2895,-76.0088,70.9,89,40,1.86
370,Sidhi,IN,2022-08-01 02:13:21,24.4167,81.8833,84.2,68,72,9.75
371,Sumenep,ID,2022-08-01 02:13:21,-7.0167,113.8667,82.83,67,99,8.75
372,Nantucket,US,2022-08-01 02:13:22,41.2835,-70.0995,75.99,92,0,8.05
373,Berdigestyakh,RU,2022-08-01 02:13:22,62.0989,126.6992,66.76,83,100,6.29
374,Iroquois Falls,CA,2022-08-01 02:13:22,48.7669,-80.6831,64.89,80,80,5.53
375,Shumskiy,RU,2022-08-01 02:13:23,54.8318,99.1328,75.54,56,98,1.88
376,Ponta Do Sol,PT,2022-08-01 02:13:23,32.6667,-17.1,71.01,80,3,3.85
377,Clyde River,CA,2022-08-01 02:13:24,70.4692,-68.5914,34.02,96,100,5.19
378,Nabire,ID,2022-08-01 02:13:24,-3.3667,135.4833,82.71,75,100,2.37
379,Mariveles,PH,2022-08-01 02:13:24,14.4833,120.4833,76.96,79,100,6.06
380,Shvartsevskiy,RU,2022-08-01 02:13:25,54.0961,37.9917,58.89,65,67,5.41
381,Dali,CN,2022-08-01 02:13:25,25.7,100.1833,63.52,94,100,1.66
382,Husavik,IS,2022-08-01 02:13:25,66.0449,-17.3389,41.83,95,100,9.26
383,Namatanai,PG,2022-08-01 02:13:26,-3.6667,152.4333,85.08,68,64,10.85
384,Port Blair,IN,2022-08-01 02:13:26,11.6667,92.75,83.89,78,100,14.45
385,Ixtapa,MX,2022-08-01 02:13:26,20.7,-105.2,79.83,83,100,5.75
386,Tayu,ID,2022-08-01 02:13:27,-6.5397,111.0518,82.71,65,78,5.61
387,Sarangani,PH,2022-08-01 02:13:27,5.4033,125.4636,83.25,74,100,14.58
388,Palmer,US,2022-08-01 02:13:28,42.1584,-72.3287,76.06,75,100,3.94
389,Pizarro,CO,2022-08-01 02:13:28,4.9533,-77.366,77.11,91,100,6.11
390,Feijo,BR,2022-08-01 02:13:29,-8.1642,-70.3536,78.78,66,76,2.84
391,Yenagoa,NG,2022-08-01 02:13:29,4.9247,6.2642,73.29,90,100,5.3
392,Jaru,BR,2022-08-01 02:13:29,-10.4389,-62.4664,77.04,44,4,0.51
393,Zabaykalsk,RU,2022-08-01 02:13:30,49.6333,117.3167,80.91,37,25,6.22
394,Svetlaya,RU,2022-08-01 02:13:30,46.5389,138.3297,64.11,93,100,2.35
395,South Lake Tahoe,US,2022-08-01 02:13:31,38.9332,-119.9844,81.27,48,20,13.8
396,Klaksvik,FO,2022-08-01 02:13:31,62.2266,-6.589,50.49,84,83,13.29
397,Jinchang,CN,2022-08-01 02:13:31,38.4953,102.1739,77.11,53,36,8.77
398,Jiaohe,CN,2022-08-01 02:13:32,43.7286,127.3447,82.02,76,100,2.77
399,Kaeo,NZ,2022-08-01 02:13:32,-35.1,173.7833,59.47,49,8,2.73
400,San Lorenzo,PY,2022-08-01 02:13:32,-25.3333,-57.5333,58.14,88,100,5.75
401,Srednekolymsk,RU,2022-08-01 02:12:24,67.45,153.6833,77.81,33,100,12.73
402,San Francisco,US,2022-08-01 02:13:21,37.7749,-122.4194,75.51,84,75,18.41
403,Makakilo City,US,2022-08-01 02:13:33,21.3469,-158.0858,86.32,52,20,17.27
404,Agua Verde,MX,2022-08-01 02:13:33,22.9,-106.05,84.29,73,100,8.01
405,Touros,BR,2022-08-01 02:13:34,-5.1989,-35.4608,76.53,84,96,13.96
406,Ruidoso,US,2022-08-01 02:13:34,33.3317,-105.673,72.86,70,97,4.61
407,Asau,RO,2022-08-01 02:13:34,46.4333,26.4,60.28,94,11,4.81
408,Boyolangu,ID,2022-08-01 02:13:56,-8.1181,111.8935,80.69,68,8,1.23
409,Groningen,NL,2022-08-01 02:13:56,53.25,6.75,64.13,94,75,6.91
410,Hamilton,US,2022-08-01 02:09:09,39.1834,-84.5333,72.77,88,0,5.75
411,Jodhpur,IN,2022-08-01 02:13:57,26.2867,73.03,80.55,83,69,17.58
412,Srivardhan,IN,2022-08-01 02:13:58,18.0333,73.0167,81.32,81,88,7.16
413,Ambilobe,MG,2022-08-01 02:13:58,-13.2,49.05,62.2,86,0,3.53
414,Balikpapan,ID,2022-08-01 02:13:58,-1.2675,116.8289,81.59,83,20,3.44
415,Sitka,US,2022-08-01 02:13:59,57.0531,-135.33,57.09,94,100,8.05
416,Maceio,BR,2022-08-01 02:13:59,-9.6658,-35.7353,74.64,88,20,4.61
417,Flinders,AU,2022-08-01 02:13:59,-34.5833,150.8552,67.05,51,7,10.0
418,Mount Isa,AU,2022-08-01 02:14:00,-20.7333,139.5,80.37,21,0,5.75
419,Vostok,RU,2022-08-01 02:14:00,46.4856,135.8833,79.9,60,100,4.07
420,Chumikan,RU,2022-08-01 02:14:00,54.7183,135.315,54.09,98,100,7.47
421,Vestmannaeyjar,IS,2022-08-01 02:14:01,63.4427,-20.2734,49.08,75,83,18.37
422,Genhe,CN,2022-08-01 02:14:01,50.7833,121.5167,77.32,51,34,4.7
423,Samarai,PG,2022-08-01 02:14:02,-10.6167,150.6667,81.34,76,64,11.65
424,Tamandare,BR,2022-08-01 02:14:02,-8.7597,-35.1047,74.55,84,7,8.3
425,Sakaiminato,JP,2022-08-01 02:14:02,35.55,133.2333,91.33,68,100,5.39
426,Lumut,MY,2022-08-01 02:14:03,4.2323,100.6298,81.91,78,94,3.96
427,Matveyev Kurgan,RU,2022-08-01 02:14:03,47.5645,38.8695,69.48,72,62,11.39
428,Ahuimanu,US,2022-08-01 02:14:03,21.4447,-157.8378,87.51,63,20,17.27
429,Mayor Pablo Lagerenza,PY,2022-08-01 02:14:04,-19.9309,-60.7718,73.85,45,47,1.83
430,Mocajuba,BR,2022-08-01 02:14:04,-2.5842,-49.5072,72.84,98,100,3.91
431,Nanortalik,GL,2022-08-01 02:14:05,60.1432,-45.2371,45.73,95,52,7.54
432,Batagay-Alyta,RU,2022-08-01 02:12:23,67.8006,130.4114,73.72,46,100,12.44
433,Ayan,RU,2022-08-01 02:14:05,56.45,138.1667,57.11,94,100,10.58
434,Cam Ranh,VN,2022-08-01 02:14:06,11.9214,109.1591,89.56,58,0,0.0
435,Okitipupa,NG,2022-08-01 02:14:06,6.5047,4.7839,72.95,94,100,5.19
436,Urengoy,RU,2022-08-01 02:14:06,65.9667,78.3667,52.03,59,4,17.83
437,Rio Cuarto,AR,2022-08-01 02:14:07,-33.1307,-64.3499,50.47,42,30,3.94
438,Agadir,MA,2022-08-01 02:13:35,30.4202,-9.5982,68.45,65,22,2.28
439,Kem,RU,2022-08-01 02:14:07,64.9555,34.5793,51.39,95,49,4.27
440,Bilibino,RU,2022-08-01 02:14:07,68.0546,166.4372,66.4,37,60,6.38
441,Araouane,ML,2022-08-01 02:14:08,18.9048,-3.5265,91.83,34,70,9.06
442,Portland,US,2022-08-01 02:14:08,45.5234,-122.6762,97.61,36,20,5.75
443,Awjilah,LY,2022-08-01 02:14:09,29.1081,21.2869,78.39,69,0,10.69
444,Penzance,GB,2022-08-01 02:14:09,50.1186,-5.5371,61.48,84,87,7.87
445,Russkaya Polyana,UA,2022-08-01 02:14:09,49.417,31.9201,66.7,60,100,10.54
446,Belmonte,BR,2022-08-01 02:14:10,-15.8631,-38.8828,72.14,85,8,7.0
447,Kohima,IN,2022-08-01 02:14:10,25.6667,94.1167,71.55,82,100,0.74
448,Mosquera,CO,2022-08-01 02:14:10,4.7059,-74.2302,53.69,87,75,3.44
449,Dunmore Town,BS,2022-08-01 02:14:11,25.5,-76.65,83.35,78,60,17.6
450,Lisakovsk,KZ,2022-08-01 02:14:11,52.5369,62.4936,64.62,78,33,4.79
451,Ilulissat,GL,2022-08-01 02:14:12,69.2167,-51.1,37.09,85,63,5.26
452,Toowoomba,AU,2022-08-01 02:10:05,-27.55,151.9667,61.48,53,100,8.77
453,Malakal,SS,2022-08-01 02:14:12,9.5334,31.6605,71.2,95,100,4.25
454,La Asuncion,VE,2022-08-01 02:14:13,11.0333,-63.8628,79.43,86,100,17.58
455,Nacimiento,CL,2022-08-01 02:14:13,-37.5,-72.6667,45.73,94,100,1.28
456,Magaria,NE,2022-08-01 02:14:13,12.9983,8.9099,78.37,63,38,7.56
457,Spassk-Ryazanskiy,RU,2022-08-01 02:14:14,54.4072,40.3806,55.09,74,66,5.61
458,Auki,SB,2022-08-01 02:14:14,-8.7676,160.7034,85.77,65,11,5.21
459,Makamba,BI,2022-08-01 02:14:14,-4.1348,29.804,63.46,75,63,1.79
460,Livingston,GB,2022-08-01 02:14:15,55.9029,-3.5226,52.21,82,20,6.91
461,Puerto Del Rosario,ES,2022-08-01 02:14:15,28.5004,-13.8627,73.15,83,100,12.66
462,Jasper,US,2022-08-01 02:14:16,37.2001,-94.3502,83.01,71,0,6.91
463,Narsaq,GL,2022-08-01 02:14:16,60.9167,-46.05,46.62,89,100,4.7
464,Pingliang,CN,2022-08-01 02:14:16,35.5392,106.6861,76.05,69,100,11.7
465,Domoni,KM,2022-08-01 02:14:17,-12.2569,44.5319,73.33,80,0,3.94
466,Maxixe,MZ,2022-08-01 02:14:17,-23.8597,35.3472,64.45,89,10,4.92
467,Bagan,RU,2022-08-01 02:14:18,54.1001,77.6646,63.9,92,75,12.15
468,Gamba,GA,2022-08-01 02:14:18,-2.65,10.0,71.65,91,94,7.27
469,Port Macquarie,AU,2022-08-01 02:14:18,-31.4333,152.9167,66.88,59,100,4.72
470,Panama City,PA,2022-08-01 02:12:39,8.9936,-79.5197,81.18,88,40,5.75
471,Cherskiy,RU,2022-08-01 02:14:19,68.75,161.3,72.23,33,77,17.6
472,Sinjai,ID,2022-08-01 02:12:46,-5.1241,120.253,81.66,79,86,2.59
473,Taltal,CL,2022-08-01 02:14:20,-25.4,-70.4833,58.53,81,0,2.8
474,Hastings,GB,2022-08-01 02:14:20,50.8552,0.5729,65.95,99,96,10.33
475,Bud,US,2022-08-01 02:14:20,39.447,-86.1758,75.22,80,1,2.86
476,Grand-Lahou,CI,2022-08-01 02:14:21,5.1367,-5.0242,74.75,80,100,13.38
477,Urumqi,CN,2022-08-01 02:10:03,43.801,87.6005,76.15,44,0,4.47
478,Orlik,RU,2022-08-01 02:14:21,52.5178,99.825,67.6,54,32,1.79
479,Bastia,FR,2022-08-01 02:14:22,42.6667,9.3333,78.3,49,0,4.61
480,Novikovo,RU,2022-08-01 02:14:22,51.1537,37.8879,58.39,65,78,7.18
481,Ranapur,IN,2022-08-01 02:14:22,22.65,74.5333,76.41,86,86,11.3
482,Kars,TR,2022-08-01 02:14:23,40.602,43.095,50.45,93,0,3.44
483,Jiangkou,CN,2022-08-01 02:14:23,25.4872,119.1986,88.95,68,73,7.56
484,Tawang,IN,2022-08-01 02:12:40,27.5833,91.8667,57.58,98,100,1.41
485,Rio Gallegos,AR,2022-08-01 02:11:33,-51.6226,-69.2181,39.25,65,0,13.8
486,Mormugao,IN,2022-08-01 02:14:24,15.4,73.8,80.19,85,73,11.39
487,Moose Factory,CA,2022-08-01 02:14:25,51.2585,-80.6094,57.18,94,100,14.97
488,Juegang,CN,2022-08-01 02:14:25,32.3174,121.1855,90.99,74,0,9.89
489,Kijang,KR,2022-08-01 02:14:25,35.2442,129.2139,81.68,84,88,9.06
490,Wanning,CN,2022-08-01 02:14:25,18.8003,110.3967,87.71,66,7,6.17
491,Los Llanos De Aridane,ES,2022-08-01 02:14:26,28.6585,-17.9182,67.75,95,20,14.97
492,Bontang,ID,2022-08-01 02:14:26,0.1333,117.5,76.84,86,100,1.81
493,Ilhabela,BR,2022-08-01 02:14:26,-23.7781,-45.3581,63.3,83,7,6.24
494,Gizo,SB,2022-08-01 02:14:27,-8.103,156.8419,84.99,66,3,3.29
495,Wajir,KE,2022-08-01 02:14:27,1.7471,40.0573,73.69,67,100,14.81
496,Qazvin,IR,2022-08-01 02:14:28,36.2797,50.0049,71.4,57,88,7.58
497,Praya,CV,2022-08-01 02:14:28,14.9215,-23.5087,76.3,78,65,6.89
498,Zhanakorgan,KZ,2022-08-01 02:14:28,43.9098,67.2495,78.67,37,1,1.54
499,San Ramon,US,2022-08-01 02:12:45,37.7799,-121.978,78.6,66,0,12.66
500,San Juan,AR,2022-08-01 02:11:02,-31.5375,-68.5364,57.7,32,12,5.39
501,Rio Tercero,AR,2022-08-01 02:14:29,-32.173,-64.1141,50.79,40,34,3.49
502,Saint Stephen,GB,2022-08-01 02:14:29,50.3333,-4.9,62.87,94,75,3.44
503,Tezu,IN,2022-08-01 02:14:29,27.9167,96.1667,78.03,93,100,0.45
504,Natal,BR,2022-08-01 02:13:58,-5.795,-35.2094,75.85,100,40,3.44
505,Moengo,SR,2022-08-01 02:14:30,5.6167,-54.4,73.33,97,100,2.04
506,Dalby,AU,2022-08-01 02:14:30,-27.1833,151.2667,63.99,60,100,3.0
507,Sur,OM,2022-08-01 02:14:31,22.5667,59.5289,84.96,69,94,9.19
508,Kaoma,ZM,2022-08-01 02:14:31,-14.7833,24.8,52.02,43,0,4.34
509,Ewo,CG,2022-08-01 02:14:31,-0.8725,14.8206,74.14,62,8,4.38
510,Evensk,RU,2022-08-01 02:14:32,61.95,159.2333,57.92,69,70,11.48
511,Almaznyy,RU,2022-08-01 02:14:32,48.0448,40.045,67.42,70,0,9.6
512,Shache,CN,2022-08-01 02:14:33,38.4167,77.2406,77.09,28,100,16.17
513,Dharchula,IN,2022-08-01 02:14:33,29.85,80.5333,72.72,93,97,0.38
514,Tevaitoa,PF,2022-08-01 02:14:33,-16.7833,-151.5,78.22,72,21,24.81
515,Ongwediva,NA,2022-08-01 02:14:34,-17.7833,15.7667,42.76,35,0,5.19
516,Arman,RU,2022-08-01 02:14:34,59.7,150.1667,57.02,88,100,7.43
517,Harbour Breton,CA,2022-08-01 02:14:34,47.4833,-55.7983,62.6,83,51,8.81
518,Umm Lajj,SA,2022-08-01 02:14:35,25.0213,37.2685,83.53,58,49,5.12
519,Vozhega,RU,2022-08-01 02:14:35,60.4725,40.2213,50.04,94,10,2.19
520,Astana,KZ,2022-08-01 02:14:35,51.1801,71.446,62.55,88,0,4.47
521,Huarmey,PE,2022-08-01 02:14:36,-10.0681,-78.1522,62.53,84,15,8.97
522,Fukue,JP,2022-08-01 02:14:36,32.6881,128.8419,79.16,94,75,23.02
523,Qandala,SO,2022-08-01 02:14:37,11.472,49.8728,86.99,55,39,8.41
524,Oriximina,BR,2022-08-01 02:14:37,-1.7656,-55.8661,72.9,91,61,2.51
525,Karema,TZ,2022-08-01 02:14:37,-6.8205,30.4389,70.56,63,4,3.91
526,Noumea,NC,2022-08-01 02:11:52,-22.2763,166.4572,75.18,99,96,12.48
527,Rudnogorsk,RU,2022-08-01 02:14:38,57.2639,103.7519,65.7,88,82,4.09
528,Yeppoon,AU,2022-08-01 02:14:38,-23.1333,150.7333,65.98,71,95,8.46
529,Bargarh,IN,2022-08-01 02:14:39,21.3333,83.6167,83.26,76,100,4.36
530,Key West,US,2022-08-01 02:14:09,24.5557,-81.7826,89.6,66,20,16.11
531,Griffith,US,2022-08-01 02:14:39,41.5284,-87.4237,80.53,74,40,6.91
532,Puri,IN,2022-08-01 02:14:39,19.8,85.85,84.72,73,100,13.42
533,Povenets,RU,2022-08-01 02:14:40,62.8487,34.8262,51.89,90,90,4.12
534,Bandarbeyla,SO,2022-08-01 02:14:40,9.4942,50.8122,76.57,73,4,27.42
535,El Alto,PE,2022-08-01 02:14:40,-4.2714,-81.2147,60.57,87,38,15.95
536,Havoysund,NO,2022-08-01 02:14:41,70.9963,24.6622,55.63,86,34,4.7
537,Guerrero Negro,MX,2022-08-01 02:14:41,27.9769,-114.0611,75.22,65,16,14.2
538,Karatuzskoye,RU,2022-08-01 02:14:42,53.6072,92.8667,70.65,64,100,2.89
539,Linqiong,CN,2022-08-01 02:14:42,30.4159,103.4609,73.96,92,100,2.1
540,Oranjestad,AW,2022-08-01 02:14:42,12.524,-70.027,82.35,78,20,21.85
541,Karasjok,NO,2022-08-01 02:14:43,69.4719,25.5112,52.79,91,100,3.42
542,Raga,SS,2022-08-01 02:14:43,8.4596,25.678,68.79,96,97,6.15
543,Lingao,CN,2022-08-01 02:14:44,19.9103,109.6859,87.08,66,0,2.26
544,Tucurui,BR,2022-08-01 02:14:44,-3.7661,-49.6725,72.27,98,83,3.15
545,Soanierana Ivongo,MG,2022-08-01 02:14:44,-16.9167,49.5833,67.06,92,93,1.79
546,Sisimiut,GL,2022-08-01 02:14:45,66.9395,-53.6735,44.33,83,18,2.08
547,Washougal,US,2022-08-01 02:14:45,45.5826,-122.3534,97.48,36,0,4.61
548,Harper,LR,2022-08-01 02:14:45,4.375,-7.7169,74.93,79,100,12.82
549,Itambacuri,BR,2022-08-01 02:14:46,-18.0311,-41.685,63.27,98,3,4.23
550,Sola,VU,2022-08-01 02:14:46,-13.8833,167.55,79.92,78,23,17.31
551,Kangaatsiaq,GL,2022-08-01 02:14:47,68.3065,-53.4641,41.74,91,4,5.68
552,Adrar,MR,2022-08-01 02:14:47,20.5022,-10.0711,91.11,37,12,14.34
553,Sabzevar,IR,2022-08-01 02:14:47,36.2126,57.6819,76.28,41,20,11.5
554,Balabac,PH,2022-08-01 02:14:48,7.9868,117.0645,80.26,80,100,7.27
555,Leh,IN,2022-08-01 02:14:48,34.1667,77.5833,59.41,57,68,6.4
556,Tukrah,LY,2022-08-01 02:14:49,32.5341,20.5791,77.63,80,0,4.92
557,Ulu-Telyak,RU,2022-08-01 02:14:49,54.9086,56.9669,61.38,88,100,1.7
558,Vesyegonsk,RU,2022-08-01 02:14:50,58.664,37.2604,51.98,81,95,2.37
559,Barreirinhas,BR,2022-08-01 02:14:50,-2.7469,-42.8264,76.96,87,100,8.95
560,Jumla,NP,2022-08-01 02:14:50,29.2747,82.1838,63.66,93,99,1.45
561,Zurrieq,MT,2022-08-01 02:14:51,35.8311,14.4742,79.97,89,20,5.75
562,Chicama,PE,2022-08-01 02:14:51,-7.8447,-79.1469,59.54,84,18,5.57
563,Nishihara,JP,2022-08-01 02:14:51,26.1842,127.7558,80.26,89,75,16.11
564,Kapit,MY,2022-08-01 02:14:52,2.0167,112.9333,77.61,88,100,1.5
565,Vyartsilya,RU,2022-08-01 02:14:52,62.1764,30.693,57.61,100,96,4.45
566,Hidrolandia,BR,2022-08-01 02:14:52,-4.4081,-40.4378,73.76,81,13,0.72
567,Anchorage,US,2022-08-01 02:11:20,61.2181,-149.9003,68.68,68,75,9.22
568,Akranes,IS,2022-08-01 02:14:53,64.3218,-22.0749,50.05,73,100,9.73
569,Moron,AR,2022-08-01 02:14:53,-34.6534,-58.6198,55.15,91,0,3.91
570,Jining,CN,2022-08-01 02:14:54,35.405,116.5814,87.3,68,38,1.72
571,Santa Vitoria Do Palmar,BR,2022-08-01 02:14:54,-33.5189,-53.3681,47.62,86,57,5.28
572,Guaruja,BR,2022-08-01 02:14:55,-23.9931,-46.2564,62.94,79,2,3.76
573,Mirnyy,RU,2022-08-01 02:14:55,62.5353,113.9611,75.24,53,11,8.99
574,Hay River,CA,2022-08-01 02:14:55,60.8156,-115.7999,62.58,59,4,6.91
575,Turukhansk,RU,2022-08-01 02:14:56,65.8167,87.9833,53.04,67,97,12.88
576,San Ramon De La Nueva Oran,AR,2022-08-01 02:10:36,-23.1322,-64.326,58.42,57,2,3.33
577,Tame,CO,2022-08-01 02:14:56,6.461,-71.73,71.44,92,99,2.59
578,Kingaroy,AU,2022-08-01 02:14:57,-26.5333,151.8333,60.78,68,100,5.41
579,Kasongo-Lunda,CD,2022-08-01 02:14:57,-6.4667,16.8167,67.84,53,31,1.83
580,Mildura,AU,2022-08-01 02:14:57,-34.2,142.15,57.07,71,0,12.66
581,Flin Flon,CA,2022-08-01 02:14:58,54.7682,-101.865,60.67,78,93,4.9
582,Aquiraz,BR,2022-08-01 02:14:24,-3.9014,-38.3911,80.19,85,3,13.2
583,Teahupoo,PF,2022-08-01 02:14:58,-17.8333,-149.2667,78.76,67,76,22.95
584,Kamaishi,JP,2022-08-01 02:14:58,39.2667,141.8833,77.38,87,100,4.54
585,Biasca,CH,2022-08-01 02:14:59,46.3597,8.9697,70.36,77,0,7.0
586,Palladam,IN,2022-08-01 02:14:59,10.9833,77.3,75.4,83,100,8.99
587,Ketchikan,US,2022-08-01 02:14:59,55.3422,-131.6461,64.87,88,100,0.0
588,Kjollefjord,NO,2022-08-01 02:15:00,70.9457,27.3465,57.02,94,75,0.0
589,Pauini,BR,2022-08-01 02:15:00,-7.7136,-66.9764,80.83,60,100,1.99
590,Barao De Melgaco,BR,2022-08-01 02:15:01,-16.1944,-55.9675,74.07,30,0,2.84
591,La Ronge,CA,2022-08-01 02:15:01,55.1001,-105.2842,68.22,49,40,3.44
592,Rawlins,US,2022-08-01 02:15:01,41.7911,-107.2387,82.29,24,40,14.97
593,Luxor,EG,2022-08-01 02:15:02,25.6989,32.6421,83.93,24,61,6.24
594,Zmeinogorsk,RU,2022-08-01 02:15:02,51.1567,82.195,64.81,71,99,8.9
595,Alyangula,AU,2022-08-01 02:15:03,-13.8483,136.4192,79.05,64,37,3.74
596,Whitehorse,CA,2022-08-01 02:15:03,60.7161,-135.0538,67.1,56,75,10.36
597,Venado Tuerto,AR,2022-08-01 02:15:04,-33.7456,-61.9688,54.77,54,51,7.49
598,Cacador,BR,2022-08-01 02:15:04,-26.7753,-51.015,47.25,76,6,2.19
599,Bonavista,CA,2022-08-01 02:15:05,48.6499,-53.1147,63.36,80,94,8.21
600,Howard Springs,AU,2022-08-01 02:15:05,-12.497,131.047,85.91,72,66,6.96
601,Las Cruces,US,2022-08-01 02:12:53,32.3123,-106.7783,95.34,25,40,1.99
602,Francisco Sa,BR,2022-08-01 02:15:05,-16.4758,-43.4883,68.14,71,80,14.41
603,Ullapool,GB,2022-08-01 02:15:06,57.8987,-5.1604,47.35,91,15,3.74
604,Kuito,AO,2022-08-01 02:15:06,-12.3833,16.9333,53.91,42,2,4.56
605,Clearwater,US,2022-08-01 02:14:03,27.9659,-82.8001,87.98,71,75,10.36
606,Hong Gai,VN,2022-08-01 02:15:07,20.956,107.0946,87.71,72,45,4.97
607,Vulcan,RO,2022-08-01 02:15:07,45.3833,23.2667,52.05,91,8,5.95
608,Camalu,MX,2022-08-01 02:15:07,30.85,-116.0667,74.1,63,3,6.53
609,Verkhoyansk,RU,2022-08-01 02:15:08,67.5447,133.385,81.9,42,97,14.88
610,Konya,TR,2022-08-01 02:15:08,38.1667,32.5,71.08,51,0,9.06
611,Gombong,ID,2022-08-01 02:15:08,-7.6072,109.5142,82.26,68,32,1.23
612,Huanren,CN,2022-08-01 02:15:09,41.2647,125.3667,81.57,85,100,0.85
613,Shahrud,IR,2022-08-01 02:15:09,36.4182,54.9763,70.39,41,25,5.17
614,Palmerston,AU,2022-08-01 02:15:10,-12.486,130.9833,85.98,61,40,10.36
615,Saint Anthony,US,2022-08-01 02:15:10,45.0205,-93.218,80.64,75,0,13.8
616,Porto Novo,BJ,2022-08-01 02:15:11,6.4965,2.6036,74.77,81,100,12.21
617,Drayton Valley,CA,2022-08-01 02:15:11,53.2168,-114.9854,63.52,95,100,5.46
618,Khani,GE,2022-08-01 02:15:11,41.9563,42.9566,60.37,76,17,4.79
619,Shangrao,CN,2022-08-01 02:15:12,28.4532,117.9686,92.62,51,3,1.34
620,Faya,SA,2022-08-01 02:15:13,18.3851,42.4509,66.72,66,91,6.38
621,Dingzhou,CN,2022-08-01 02:15:13,38.5131,114.9956,89.71,60,0,1.72
622,Ugoofaaru,MV,2022-08-01 02:15:13,5.6667,73.0,76.46,78,100,34.25
623,Pisco,PE,2022-08-01 02:15:14,-13.7,-76.2167,60.85,82,100,8.05
624,Nemuro,JP,2022-08-01 02:14:27,43.3236,145.575,58.89,83,100,10.54
625,Hualmay,PE,2022-08-01 02:15:14,-11.0964,-77.6139,61.99,81,20,9.55
626,Harrisburg,US,2022-08-01 02:15:15,40.2737,-76.8844,69.94,94,100,5.75
627,Paoua,CF,2022-08-01 02:15:15,7.2427,16.4406,67.62,94,100,3.71
628,Raudeberg,NO,2022-08-01 02:15:15,61.9875,5.1352,52.47,72,35,5.79
629,Broken Hill,AU,2022-08-01 02:15:16,-31.95,141.4333,55.54,42,0,4.94
630,Arcata,US,2022-08-01 02:14:50,40.8665,-124.0828,64.26,86,100,4.61
631,Yaring,TH,2022-08-01 02:15:16,6.8662,101.3689,84.29,78,100,5.23
632,Morgan City,US,2022-08-01 02:15:17,29.6994,-91.2068,82.0,78,12,4.76
633,Lukovetskiy,RU,2022-08-01 02:15:17,64.2956,41.9211,55.63,86,70,2.98
634,Antalaha,MG,2022-08-01 02:15:18,-14.9003,50.2788,66.67,90,60,5.73
635,Zhovtneve,UA,2022-08-01 02:15:18,50.6637,24.2492,58.55,97,100,5.3
636,Sajanan,TN,2022-08-01 02:15:18,37.0573,9.2426,67.12,54,67,0.92
637,Farafangana,MG,2022-08-01 02:15:19,-22.8167,47.8333,64.81,93,16,5.53
638,Usolye,RU,2022-08-01 02:15:19,59.4268,56.6808,62.6,90,100,3.89
639,Nalut,LY,2022-08-01 02:15:19,30.3333,10.85,79.79,37,2,9.31
640,Kitgum,UG,2022-08-01 02:15:20,3.2783,32.8867,64.83,98,99,1.12
641,Tequisquiapan,MX,2022-08-01 02:15:20,20.5167,-99.8667,74.95,68,31,8.99
642,Ziro,IN,2022-08-01 02:15:20,27.6333,93.8333,56.14,99,100,0.51
643,Bardiyah,LY,2022-08-01 02:15:21,31.7561,25.0865,77.02,90,0,15.01
644,Gubkin,RU,2022-08-01 02:15:21,51.2817,37.5458,58.96,63,100,7.14
645,Borogontsy,RU,2022-08-01 02:15:21,62.6683,131.1683,83.41,41,100,7.4
646,Alghero,IT,2022-08-01 02:15:22,40.5589,8.3181,68.09,100,0,3.44
647,Vermilion,US,2022-08-01 02:15:22,40.1667,-87.7506,73.99,79,0,5.75
648,Bridlington,GB,2022-08-01 02:15:22,54.0831,-0.1919,56.89,82,100,4.85
649,Morondava,MG,2022-08-01 02:15:24,-20.2833,44.2833,69.51,77,2,11.03
650,Velyka Bahachka,UA,2022-08-01 02:15:24,49.7912,33.7226,68.76,47,100,12.35
651,Popondetta,PG,2022-08-01 02:15:25,-8.7537,148.2534,90.5,46,8,6.26
652,Vikhorevka,RU,2022-08-01 02:15:25,56.1201,101.1636,67.59,77,100,6.29
653,Marau,BR,2022-08-01 02:15:26,-28.4492,-52.2,48.78,89,35,2.15
654,Kigoma,TZ,2022-08-01 02:15:27,-4.8769,29.6267,74.05,71,20,5.91
655,Yining,CN,2022-08-01 02:15:27,29.0361,114.5636,91.13,59,0,0.92
656,Vrangel,RU,2022-08-01 02:15:27,42.7297,133.0839,68.95,99,100,14.56
657,Yuli,NG,2022-08-01 02:15:28,9.6989,10.2744,72.1,95,100,6.24
658,Yakeshi,CN,2022-08-01 02:15:28,49.2833,120.7333,74.19,66,23,7.02
659,Blagoveshchenka,RU,2022-08-01 02:15:28,52.8333,79.8667,67.05,77,61,2.19
660,Manokwari,ID,2022-08-01 02:15:28,-0.8667,134.0833,82.67,69,72,5.1
661,Takoradi,GH,2022-08-01 02:15:29,4.8845,-1.7554,74.14,82,96,13.65
662,Hauterive,FR,2022-08-01 02:15:29,46.0901,3.4459,63.36,63,0,3.0
663,Balao,EC,2022-08-01 02:15:30,-2.9167,-79.8167,71.28,87,85,5.97
664,Urut,AM,2022-08-01 02:15:30,41.0714,44.3964,56.32,90,59,2.19
665,Severomuysk,RU,2022-08-01 02:15:30,56.1481,113.4267,54.82,79,96,4.63
666,San Isidro,PE,2022-08-01 02:15:31,-12.1167,-77.05,60.01,86,100,9.22
667,Port-Cartier,CA,2022-08-01 02:15:31,50.0334,-66.8654,69.48,94,76,4.74
668,Shimanovsk,RU,2022-08-01 02:15:31,52.0,127.7,78.49,56,100,6.91
669,Barcelos,PT,2022-08-01 02:15:32,41.5388,-8.6151,79.92,57,0,2.39
670,Da Nang,VN,2022-08-01 02:14:01,16.0678,108.2208,89.58,58,0,1.14
671,Tibati,CM,2022-08-01 02:15:33,6.4667,12.6333,65.05,99,100,5.79
672,Kisangani,CD,2022-08-01 02:15:33,0.5167,25.2,69.48,97,98,1.92
673,Okhotsk,RU,2022-08-01 02:15:34,59.3833,143.3,58.89,87,100,8.5
674,Muros,ES,2022-08-01 02:15:26,42.7762,-9.0603,68.16,76,1,10.71
675,Winnemucca,US,2022-08-01 02:15:34,40.973,-117.7357,100.45,5,0,3.44
676,Burnie,AU,2022-08-01 02:15:35,-41.0667,145.9167,48.94,75,67,16.75
677,Chilliwack,CA,2022-08-01 02:11:23,49.1747,-121.9443,91.11,45,0,3.0
678,Mackenzie,CA,2022-08-01 02:15:35,55.2999,-123.1698,77.22,69,0,2.3
679,Gweta,BW,2022-08-01 02:15:35,-20.1833,25.2333,57.85,32,0,8.57
680,Kabare,CD,2022-08-01 02:15:36,-2.4683,28.8242,60.12,92,81,0.29
681,Kimry,RU,2022-08-01 02:15:36,56.8667,37.35,51.8,79,64,2.37
682,Hereford,GB,2022-08-01 02:15:36,52.0568,-2.7148,60.49,80,100,3.02
683,Arteaga,MX,2022-08-01 02:15:37,18.4667,-102.4167,66.13,91,100,1.66
684,Suntar,RU,2022-08-01 02:15:37,62.1444,117.6319,67.69,84,100,2.33
685,Bowen,AU,2022-08-01 02:15:37,-20.0167,148.2333,72.39,68,2,13.13
686,Luancheng,CN,2022-08-01 02:15:38,37.8792,114.6517,89.76,55,0,2.33
687,Chalus,IR,2022-08-01 02:15:38,36.655,51.4204,76.46,88,75,0.0
688,Kashi,CN,2022-08-01 02:15:38,39.4547,75.9797,72.61,43,20,11.18
689,Tokur,RU,2022-08-01 02:15:38,53.1333,132.9,66.76,88,100,4.76
690,Naze,JP,2022-08-01 02:15:39,28.3667,129.4833,85.12,82,96,19.93
691,Segezha,RU,2022-08-01 02:15:39,63.7415,34.3222,51.76,94,91,5.82
