City ID,City,Country,Date,Lat,Lng,Max Temp,Humidity,Cloudiness,Wind Speed,Current Description,Rain inches (last 3hrs),Snow inches (last 3hrs)
0,Oktyabrskiy,RU,2022-07-27 03:55:03,54.4815,53.471,66.99,86,80,7.4,broken clouds,0.0,0.0
1,Chokurdakh,RU,2022-07-27 03:55:04,70.6333,147.9167,61.9,30,39,10.94,scattered clouds,0.0,0.0
2,Jamestown,US,2022-07-27 03:55:04,42.097,-79.2353,65.84,69,40,1.99,scattered clouds,0.0,0.0
3,Gemena,CD,2022-07-27 03:55:04,3.25,19.7667,70.02,98,100,1.97,overcast clouds,0.0,0.0
4,Kaitangata,NZ,2022-07-27 03:55:05,-46.2817,169.8464,45.5,97,100,9.95,moderate rain,0.0,0.0
5,Busselton,AU,2022-07-27 03:55:05,-33.65,115.3333,59.74,65,99,5.48,overcast clouds,0.0,0.0
6,Hobart,AU,2022-07-27 03:55:05,-42.8794,147.3294,57.25,63,20,12.66,few clouds,0.0,0.0
7,Laguna,US,2022-07-27 03:55:06,38.421,-121.4238,81.61,53,0,5.99,clear sky,0.0,0.0
8,Anori,BR,2022-07-27 03:55:06,-3.7728,-61.6442,75.6,72,73,2.17,broken clouds,0.0,0.0
9,Upernavik,GL,2022-07-27 03:55:06,72.7868,-56.1549,38.03,86,93,6.6,overcast clouds,0.0,0.0
10,Kapaa,US,2022-07-27 03:55:07,22.0752,-159.319,84.18,75,20,5.01,few clouds,0.0,0.0
11,Poanas,MX,2022-07-27 03:55:07,25.7667,-103.6167,82.33,36,84,6.85,broken clouds,0.0,0.0
12,Dingle,PH,2022-07-27 03:55:07,10.9995,122.6711,87.67,69,85,12.73,overcast clouds,0.0,0.0
13,Myitkyina,MM,2022-07-27 03:55:08,25.3833,97.4,87.08,72,65,0.49,broken clouds,0.0,0.0
14,Acaponeta,MX,2022-07-27 03:55:08,22.4964,-105.3594,79.36,90,87,0.49,overcast clouds,0.0,0.0
15,Mandan,US,2022-07-27 03:52:31,46.8267,-100.8896,68.95,71,75,4.61,broken clouds,0.0,0.0
16,Albany,US,2022-07-27 03:53:18,42.6001,-73.9662,63.52,82,0,3.91,clear sky,0.0,0.0
17,Rupert,US,2022-07-27 03:55:09,42.6191,-113.6772,77.07,20,0,8.9,clear sky,0.0,0.0
18,Port Blair,IN,2022-07-27 03:55:09,11.6667,92.75,86.04,79,40,3.44,scattered clouds,0.0,0.0
19,Yellowknife,CA,2022-07-27 03:55:01,62.456,-114.3525,66.72,55,20,8.05,few clouds,0.0,0.0
20,Port Alfred,ZA,2022-07-27 03:55:09,-33.5906,26.891,60.19,71,47,7.0,scattered clouds,0.0,0.0
21,Cape Town,ZA,2022-07-27 03:55:10,-33.9258,18.4232,53.11,91,40,3.44,mist,0.0,0.0
22,Iqaluit,CA,2022-07-27 03:55:10,63.7506,-68.5145,44.33,81,20,3.44,few clouds,0.0,0.0
23,Pisco,PE,2022-07-27 03:54:40,-13.7,-76.2167,60.85,88,100,2.3,mist,0.0,0.0
24,Georgetown,MY,2022-07-27 03:55:10,5.4112,100.3354,87.75,70,40,12.66,scattered clouds,0.0,0.0
25,Villa De Reyes,MX,2022-07-27 03:55:11,21.8,-100.9333,61.45,90,79,5.64,broken clouds,0.0,0.0
26,Longyearbyen,SJ,2022-07-27 03:55:11,78.2186,15.6401,48.04,76,75,4.61,broken clouds,0.0,0.0
27,Port Elizabeth,ZA,2022-07-27 03:55:11,-33.918,25.5701,59.31,80,0,23.02,clear sky,0.0,0.0
28,Rikitea,PF,2022-07-27 03:55:12,-23.1203,-134.9692,74.82,71,72,5.95,light rain,0.0,0.0
29,Olafsvik,IS,2022-07-27 03:55:12,64.8945,-23.7142,53.02,96,100,16.58,overcast clouds,0.0,0.0
30,Faanui,PF,2022-07-27 03:55:12,-16.4833,-151.75,78.57,72,23,8.3,few clouds,0.0,0.0
31,Hilo,US,2022-07-27 03:52:01,19.7297,-155.09,78.53,84,100,5.75,overcast clouds,0.0,0.0
32,Sidi Ali,DZ,2022-07-27 03:55:13,36.0998,0.4206,73.42,83,0,2.95,clear sky,0.0,0.0
33,Salalah,OM,2022-07-27 03:55:13,17.0151,54.0924,74.86,96,100,8.63,overcast clouds,0.0,0.0
34,Bluff,NZ,2022-07-27 03:55:13,-46.6,168.3333,47.8,89,100,19.35,light rain,0.0,0.0
35,Pa Sang,TH,2022-07-27 03:55:14,18.5262,98.9394,91.85,52,93,0.92,overcast clouds,0.0,0.0
36,East London,ZA,2022-07-27 03:55:14,-33.0153,27.9116,61.74,63,20,8.05,few clouds,0.0,0.0
37,Camopi,GF,2022-07-27 03:55:14,3.1655,-52.3158,72.09,99,99,1.57,overcast clouds,0.0,0.0
38,Punta Gorda,US,2022-07-27 03:52:13,26.9298,-82.0454,79.0,88,0,8.99,clear sky,0.0,0.0
39,Pochutla,MX,2022-07-27 03:55:15,15.7432,-96.4661,75.81,93,87,3.13,overcast clouds,0.0,0.0
40,Arraial Do Cabo,BR,2022-07-27 03:55:15,-22.9661,-42.0278,69.69,86,0,16.22,clear sky,0.0,0.0
41,Ushuaia,AR,2022-07-27 03:53:07,-54.8,-68.3,35.26,55,0,4.61,clear sky,0.0,0.0
42,Cartagena,CO,2022-07-27 03:55:16,10.3997,-75.5144,82.02,78,75,3.44,broken clouds,0.0,0.0
43,Vaini,TO,2022-07-27 03:55:16,-21.2,-175.2,74.12,73,86,12.84,overcast clouds,0.0,0.0
44,Nemuro,JP,2022-07-27 03:55:16,43.3236,145.575,66.61,95,100,7.72,overcast clouds,0.0,0.0
45,Finschhafen,PG,2022-07-27 03:55:17,-6.6024,147.8681,83.82,70,100,8.5,overcast clouds,0.0,0.0
46,Kefamenanu,ID,2022-07-27 03:55:17,-9.4467,124.4781,81.97,48,7,13.87,clear sky,0.0,0.0
47,Nikolskoye,RU,2022-07-27 03:55:17,59.7035,30.7861,67.78,80,100,5.44,overcast clouds,0.0,0.0
48,Ucluelet,CA,2022-07-27 03:55:18,48.9329,-125.5528,70.09,83,8,1.79,clear sky,0.0,0.0
49,Olga,RU,2022-07-27 03:55:18,43.7444,135.2892,79.0,67,34,5.95,scattered clouds,0.0,0.0
50,Lorengau,PG,2022-07-27 03:55:18,-2.0226,147.2712,85.51,69,25,10.92,scattered clouds,0.0,0.0
51,Qaqortoq,GL,2022-07-27 03:55:19,60.7167,-46.0333,41.68,96,21,3.98,few clouds,0.0,0.0
52,Hualmay,PE,2022-07-27 03:55:19,-11.0964,-77.6139,61.48,86,90,9.55,overcast clouds,0.0,0.0
53,Clyde River,CA,2022-07-27 03:55:19,70.4692,-68.5914,39.43,100,100,2.3,light rain,0.0,0.0
54,Richards Bay,ZA,2022-07-27 03:55:20,-28.783,32.0377,54.14,73,0,7.31,clear sky,0.0,0.0
55,Amuntai,ID,2022-07-27 03:55:20,-2.4177,115.2494,84.88,72,100,1.79,overcast clouds,0.0,0.0
56,Sorong,ID,2022-07-27 03:55:20,-0.8833,131.25,85.68,65,62,4.18,broken clouds,0.0,0.0
57,Hasaki,JP,2022-07-27 03:55:21,35.7333,140.8333,93.29,80,71,20.62,broken clouds,0.0,0.0
58,Gibsons,CA,2022-07-27 03:55:21,49.3997,-123.5027,86.32,67,0,1.03,clear sky,0.0,0.0
59,Paamiut,GL,2022-07-27 03:55:21,61.994,-49.6678,41.43,94,59,15.28,broken clouds,0.0,0.0
60,Sitka,US,2022-07-27 03:55:22,57.0531,-135.33,60.69,77,75,13.8,broken clouds,0.0,0.0
61,Chippewa Falls,US,2022-07-27 03:55:22,44.9369,-91.3929,73.58,73,100,6.91,overcast clouds,0.0,0.0
62,Hithadhoo,MV,2022-07-27 03:55:22,-0.6,73.0833,76.14,91,100,14.52,overcast clouds,0.0,0.0
63,Cabedelo,BR,2022-07-27 03:55:23,-6.9811,-34.8339,72.27,85,40,10.25,light rain,0.0,0.0
64,Mataura,NZ,2022-07-27 03:55:23,-46.1927,168.8643,47.48,95,100,4.41,overcast clouds,0.0,0.0
65,Ponta Do Sol,PT,2022-07-27 03:55:23,32.6667,-17.1,72.23,71,1,6.69,clear sky,0.0,0.0
66,Pafos,CY,2022-07-27 03:55:24,34.7667,32.4167,74.98,35,0,3.44,clear sky,0.0,0.0
67,Barrow,US,2022-07-27 03:55:24,71.2906,-156.7887,35.62,93,100,12.66,moderate rain,0.0,0.0
68,Uthal,PK,2022-07-27 03:55:24,25.8072,66.6219,82.24,81,100,4.74,overcast clouds,0.0,0.0
69,Punta Arenas,CL,2022-07-27 03:53:33,-53.15,-70.9167,28.51,86,0,11.5,clear sky,0.0,0.0
70,Esperance,AU,2022-07-27 03:55:25,-33.8667,121.9,60.28,71,99,4.36,overcast clouds,0.0,0.0
71,Klaksvik,FO,2022-07-27 03:55:25,62.2266,-6.589,50.92,92,100,8.39,overcast clouds,0.0,0.0
72,Kavieng,PG,2022-07-27 03:55:26,-2.5744,150.7967,85.33,64,62,13.0,broken clouds,0.0,0.0
73,Luderitz,NA,2022-07-27 03:55:26,-26.6481,15.1594,53.94,73,0,8.88,clear sky,0.0,0.0
74,Qaanaaq,GL,2022-07-27 03:55:26,77.484,-69.3632,37.6,72,46,1.45,scattered clouds,0.0,0.0
75,Beyneu,KZ,2022-07-27 03:55:27,45.3167,55.2,81.09,46,0,9.24,clear sky,0.0,0.0
76,Kpandae,GH,2022-07-27 03:55:27,8.4689,-0.0113,70.92,97,93,4.54,overcast clouds,0.0,0.0
77,Leh,IN,2022-07-27 03:55:16,34.1667,77.5833,63.36,58,100,0.87,overcast clouds,0.0,0.0
78,Kalmunai,LK,2022-07-27 03:55:27,7.4167,81.8167,84.24,70,98,8.08,overcast clouds,0.0,0.0
79,Puerto Ayora,EC,2022-07-27 03:55:28,-0.7393,-90.3518,69.55,91,100,3.0,overcast clouds,0.0,0.0
80,Sistranda,NO,2022-07-27 03:55:28,63.7256,8.834,49.96,73,100,19.82,overcast clouds,0.0,0.0
81,Luganville,VU,2022-07-27 03:55:28,-15.5333,167.1667,82.76,72,18,7.65,few clouds,0.0,0.0
82,New Norfolk,AU,2022-07-27 03:55:29,-42.7826,147.0587,56.91,74,60,1.01,broken clouds,0.0,0.0
83,Castro,BR,2022-07-27 03:55:29,-24.7911,-50.0119,53.24,85,1,3.71,clear sky,0.0,0.0
84,Matagami,CA,2022-07-27 03:55:29,49.7502,-77.6328,53.71,94,0,0.0,clear sky,0.0,0.0
85,Saint-Augustin,CA,2022-07-27 03:55:30,51.226,-58.6502,60.24,75,24,12.73,few clouds,0.0,0.0
86,Fortuna,US,2022-07-27 03:55:29,40.5982,-124.1573,58.35,88,33,3.0,scattered clouds,0.0,0.0
87,Nyurba,RU,2022-07-27 03:55:30,63.2842,118.3319,88.88,48,6,8.37,clear sky,0.0,0.0
88,Manggar,ID,2022-07-27 03:55:30,-2.8833,108.2667,83.77,67,100,11.03,light rain,0.0,0.0
89,Pacific Grove,US,2022-07-27 03:52:36,36.6177,-121.9166,60.91,87,75,5.75,broken clouds,0.0,0.0
90,Butaritari,KI,2022-07-27 03:55:31,3.0707,172.7902,82.24,76,7,19.46,clear sky,0.0,0.0
91,Kodiak,US,2022-07-27 03:55:31,57.79,-152.4072,50.5,76,100,4.72,overcast clouds,0.0,0.0
92,Ancud,CL,2022-07-27 03:52:53,-41.8697,-73.8203,48.22,93,81,8.93,broken clouds,0.0,0.0
93,Takoradi,GH,2022-07-27 03:55:32,4.8845,-1.7554,74.52,90,96,10.04,light rain,0.0,0.0
94,Sri Aman,MY,2022-07-27 03:55:32,1.2376,111.4621,78.85,94,40,0.0,heavy intensity rain,0.0,0.0
95,Avarua,CK,2022-07-27 03:55:32,-21.2078,-159.775,73.45,64,40,16.11,scattered clouds,0.0,0.0
96,Ayan,RU,2022-07-27 03:55:33,56.45,138.1667,60.67,81,67,12.55,broken clouds,0.0,0.0
97,Marshall,US,2022-07-27 03:55:33,34.3834,-86.3333,82.71,72,0,4.61,clear sky,0.0,0.0
98,Constitucion,CL,2022-07-27 03:55:33,-35.3333,-72.4167,50.2,91,92,4.85,overcast clouds,0.0,0.0
99,Turayf,SA,2022-07-27 03:55:33,31.6725,38.6637,71.85,49,0,6.91,clear sky,0.0,0.0
100,Krasnoselkup,RU,2022-07-27 03:55:34,65.7,82.4667,55.98,92,100,6.13,moderate rain,0.0,0.0
101,Margate,GB,2022-07-27 03:55:34,51.3813,1.3862,61.3,81,100,1.01,overcast clouds,0.0,0.0
102,Benoy,TD,2022-07-27 03:55:34,8.9833,16.3199,72.63,96,97,4.25,light rain,0.0,0.0
103,Nepa Nagar,IN,2022-07-27 03:55:35,21.4667,76.4,78.04,86,100,2.68,overcast clouds,0.0,0.0
104,Ponoka,CA,2022-07-27 03:55:35,52.6768,-113.5815,67.98,85,18,1.5,few clouds,0.0,0.0
105,Santa Lucia,ES,2022-07-27 03:55:35,27.9117,-15.5407,79.92,19,0,19.57,clear sky,0.0,0.0
106,Ust-Omchug,RU,2022-07-27 03:55:36,61.15,149.6333,61.81,71,100,10.38,light rain,0.0,0.0
107,Narsaq,GL,2022-07-27 03:55:36,60.9167,-46.05,42.31,90,25,1.81,scattered clouds,0.0,0.0
108,Tura,IN,2022-07-27 03:54:28,25.5198,90.2201,81.41,78,35,3.27,scattered clouds,0.0,0.0
109,Hofn,IS,2022-07-27 03:55:36,64.2539,-15.2082,51.04,87,100,4.03,overcast clouds,0.0,0.0
110,Ekhabi,RU,2022-07-27 03:55:37,53.5102,142.9671,61.03,76,94,6.87,overcast clouds,0.0,0.0
111,Xam Nua,LA,2022-07-27 03:55:37,20.4197,104.0439,90.5,40,1,1.52,clear sky,0.0,0.0
112,Birao,CF,2022-07-27 03:55:37,10.2849,22.7882,70.93,97,100,3.96,overcast clouds,0.0,0.0
113,Aklavik,CA,2022-07-27 03:55:38,68.2191,-135.0107,62.51,35,100,21.16,overcast clouds,0.0,0.0
114,Rivers,CA,2022-07-27 03:55:38,50.0308,-100.2403,56.35,89,15,8.08,few clouds,0.0,0.0
115,Xiongzhou,CN,2022-07-27 03:55:38,25.1167,114.3,98.85,42,81,5.68,broken clouds,0.0,0.0
116,Namangan,UZ,2022-07-27 03:55:39,40.9983,71.6726,88.25,29,1,6.91,clear sky,0.0,0.0
117,Kruisfontein,ZA,2022-07-27 03:55:39,-34.0033,24.7314,53.89,83,60,15.93,broken clouds,0.0,0.0
118,Bengkulu,ID,2022-07-27 03:53:59,-3.8004,102.2655,83.75,66,65,3.24,broken clouds,0.0,0.0
119,Carnarvon,AU,2022-07-27 03:55:39,-24.8667,113.6333,72.16,30,86,1.68,overcast clouds,0.0,0.0
120,Billings,US,2022-07-27 03:52:25,45.7833,-108.5007,76.77,56,20,6.91,few clouds,0.0,0.0
121,Khatanga,RU,2022-07-27 03:55:40,71.9667,102.5,63.86,75,100,20.54,light rain,0.0,0.0
122,Mount Gambier,AU,2022-07-27 03:55:40,-37.8333,140.7667,57.83,70,100,12.64,overcast clouds,0.0,0.0
123,Sal Rei,CV,2022-07-27 03:55:40,16.1833,-22.9167,77.97,85,100,6.69,overcast clouds,0.0,0.0
124,Beringovskiy,RU,2022-07-27 03:55:41,63.05,179.3167,47.39,98,100,4.16,light rain,0.0,0.0
125,Hermanus,ZA,2022-07-27 03:55:41,-34.4187,19.2345,48.79,84,24,3.94,few clouds,0.0,0.0
126,Quatre Cocos,MU,2022-07-27 03:55:41,-20.2078,57.7625,68.09,73,18,11.05,few clouds,0.0,0.0
127,Korcula,HR,2022-07-27 03:55:42,42.9622,17.1369,76.3,73,57,8.7,broken clouds,0.0,0.0
128,Goderich,CA,2022-07-27 03:55:42,43.7501,-81.7165,61.92,88,33,5.75,scattered clouds,0.0,0.0
129,Oranjemund,NA,2022-07-27 03:55:43,-28.55,16.4333,51.57,88,12,6.44,few clouds,0.0,0.0
130,Lebu,CL,2022-07-27 03:55:43,-37.6167,-73.65,50.4,86,61,12.97,broken clouds,0.0,0.0
131,Bredasdorp,ZA,2022-07-27 03:55:43,-34.5322,20.0403,48.36,93,13,4.83,few clouds,0.0,0.0
132,Isangel,VU,2022-07-27 03:55:43,-19.55,169.2667,82.51,74,75,6.91,broken clouds,0.0,0.0
133,Waipawa,NZ,2022-07-27 03:55:44,-41.4122,175.5153,48.99,92,100,2.35,overcast clouds,0.0,0.0
134,Leeton,AU,2022-07-27 03:55:44,-34.5667,146.4,59.9,58,82,14.27,broken clouds,0.0,0.0
135,Tuatapere,NZ,2022-07-27 03:55:44,-46.1333,167.6833,45.79,96,100,2.95,light rain,0.0,0.0
136,Tricase,IT,2022-07-27 03:54:45,39.9304,18.3553,76.35,63,1,4.25,clear sky,0.0,0.0
137,Ribeira Grande,PT,2022-07-27 03:55:45,38.5167,-28.7,73.9,82,31,8.81,scattered clouds,0.0,0.0
138,Sao Filipe,CV,2022-07-27 03:55:45,14.8961,-24.4956,77.09,85,54,3.13,broken clouds,0.0,0.0
139,Coihaique,CL,2022-07-27 03:55:46,-45.5752,-72.0662,31.95,86,75,2.3,light snow,0.0,0.0
140,Bethel,US,2022-07-27 03:55:46,41.3712,-73.414,69.67,79,79,3.22,broken clouds,0.0,0.0
141,Mahebourg,MU,2022-07-27 03:55:46,-20.4081,57.7,68.25,94,75,2.3,broken clouds,0.0,0.0
142,Port Shepstone,ZA,2022-07-27 03:55:47,-30.7414,30.455,62.15,43,31,7.54,scattered clouds,0.0,0.0
143,San Rafael,AR,2022-07-27 03:55:47,-34.6177,-68.3301,47.21,82,94,6.31,overcast clouds,0.0,0.0
144,Fairbanks,US,2022-07-27 03:55:45,64.8378,-147.7164,60.8,55,75,14.97,broken clouds,0.0,0.0
145,San Quintin,MX,2022-07-27 03:55:47,30.4833,-115.95,66.99,85,5,9.13,clear sky,0.0,0.0
146,Sorland,NO,2022-07-27 03:55:48,67.667,12.6934,52.52,81,100,25.32,overcast clouds,0.0,0.0
147,Nha Trang,VN,2022-07-27 03:55:48,12.25,109.1833,84.2,63,99,5.73,heavy intensity rain,0.0,0.0
148,Abu Dhabi,AE,2022-07-27 03:52:42,24.4667,54.3667,87.96,63,0,10.36,clear sky,0.0,0.0
149,Ust-Tarka,RU,2022-07-27 03:55:49,55.5672,75.705,75.99,54,100,4.12,overcast clouds,0.0,0.0
150,Bathsheba,BB,2022-07-27 03:52:36,13.2167,-59.5167,81.21,88,20,14.97,few clouds,0.0,0.0
151,Kirillov,RU,2022-07-27 03:55:49,59.863,38.3813,64.56,91,45,3.85,scattered clouds,0.0,0.0
152,Dicabisagan,PH,2022-07-27 03:55:49,17.0818,122.4157,87.1,70,100,3.65,overcast clouds,0.0,0.0
153,Glazov,RU,2022-07-27 03:55:50,58.1394,52.6584,61.74,60,9,8.66,clear sky,0.0,0.0
154,Norman Wells,CA,2022-07-27 03:55:50,65.282,-126.8329,57.24,94,75,4.61,broken clouds,0.0,0.0
155,Santa Fe,AR,2022-07-27 03:55:50,-31.6333,-60.7,75.0,67,39,10.0,light rain,0.0,0.0
156,Kasongo-Lunda,CD,2022-07-27 03:55:51,-6.4667,16.8167,64.83,37,68,1.74,broken clouds,0.0,0.0
157,Havelock,US,2022-07-27 03:55:51,34.8791,-76.9013,84.18,88,0,13.8,clear sky,0.0,0.0
158,Port Macquarie,AU,2022-07-27 03:55:38,-31.4333,152.9167,64.89,44,0,13.24,clear sky,0.0,0.0
159,Atar,MR,2022-07-27 03:55:51,20.5169,-13.0499,91.09,42,100,13.62,overcast clouds,0.0,0.0
160,Port Hedland,AU,2022-07-27 03:55:52,-20.3167,118.5667,87.85,18,2,17.27,clear sky,0.0,0.0
161,Kloulklubed,PW,2022-07-27 03:54:01,7.0419,134.2556,83.77,70,35,4.5,scattered clouds,0.0,0.0
162,Agogo,GH,2022-07-27 03:55:52,6.8,-1.0819,68.99,97,100,4.41,overcast clouds,0.0,0.0
163,Tsagan Aman,RU,2022-07-27 03:55:52,47.5639,46.7218,78.06,43,9,5.46,clear sky,0.0,0.0
164,Baghdad,IQ,2022-07-27 03:54:14,33.3406,44.4009,76.91,36,0,5.75,clear sky,0.0,0.0
165,Sayyan,YE,2022-07-27 03:55:53,15.1718,44.3244,66.0,48,68,2.24,broken clouds,0.0,0.0
166,Havre,FR,2022-07-27 03:55:53,49.5833,0.3333,58.77,88,100,3.44,overcast clouds,0.0,0.0
167,Russkaya Polyana,UA,2022-07-27 03:55:53,49.417,31.9201,66.06,68,8,1.63,clear sky,0.0,0.0
168,Druzhba,UA,2022-07-27 03:55:54,52.0428,33.9453,65.19,85,0,4.25,clear sky,0.0,0.0
169,Guerrero Negro,MX,2022-07-27 03:55:54,27.9769,-114.0611,69.04,82,5,11.39,clear sky,0.0,0.0
170,Mar Del Plata,AR,2022-07-27 03:55:55,-38.0023,-57.5575,53.1,98,100,5.75,fog,0.0,0.0
171,Pavlikeni,BG,2022-07-27 03:55:55,43.2428,25.3219,68.67,44,0,4.09,clear sky,0.0,0.0
172,Talnakh,RU,2022-07-27 03:55:55,69.4865,88.3972,67.21,43,36,5.59,scattered clouds,0.0,0.0
173,Sasvad,IN,2022-07-27 03:55:56,18.3333,74.0333,74.59,77,90,4.65,overcast clouds,0.0,0.0
174,East Stroudsburg,US,2022-07-27 03:54:30,40.9995,-75.1813,69.67,84,97,1.99,overcast clouds,0.0,0.0
175,Cidreira,BR,2022-07-27 03:55:56,-30.1811,-50.2056,61.05,93,18,13.71,few clouds,0.0,0.0
176,Qianguo,CN,2022-07-27 03:55:56,45.1171,124.8568,89.17,49,99,11.63,overcast clouds,0.0,0.0
177,Touros,BR,2022-07-27 03:55:57,-5.1989,-35.4608,72.84,89,3,10.38,clear sky,0.0,0.0
178,Ostrovnoy,RU,2022-07-27 03:55:57,68.0531,39.5131,64.42,76,97,19.93,light rain,0.0,0.0
179,Chuy,UY,2022-07-27 03:55:57,-33.6971,-53.4616,57.4,96,19,2.33,few clouds,0.0,0.0
180,Benghazi,LY,2022-07-27 03:55:57,32.1167,20.0667,78.84,79,0,6.13,clear sky,0.0,0.0
181,Heze,CN,2022-07-27 03:55:58,35.2431,115.4411,88.54,60,19,5.3,few clouds,0.0,0.0
182,Tiznit,MA,2022-07-27 03:55:58,29.5833,-9.5,80.56,32,0,0.54,clear sky,0.0,0.0
183,Multan,PK,2022-07-27 03:55:59,30.1956,71.4753,87.69,79,40,0.0,smoke,0.0,0.0
184,Saint-Prosper,CA,2022-07-27 03:55:59,46.2117,-70.4811,61.09,97,22,4.88,few clouds,0.0,0.0
185,Torbay,CA,2022-07-27 03:55:59,47.6666,-52.7314,67.75,96,100,14.97,overcast clouds,0.0,0.0
186,Taree,AU,2022-07-27 03:56:00,-31.9,152.4667,65.07,44,0,18.41,clear sky,0.0,0.0
187,Ahipara,NZ,2022-07-27 03:56:00,-35.1667,173.1667,59.52,83,47,11.36,scattered clouds,0.0,0.0
188,La Cruz,MX,2022-07-27 03:56:00,23.9167,-106.9,80.29,80,58,4.63,broken clouds,0.0,0.0
189,Ilulissat,GL,2022-07-27 03:56:01,69.2167,-51.1,36.1,99,100,4.52,overcast clouds,0.0,0.0
190,Kupang,ID,2022-07-27 03:56:01,-10.1667,123.5833,84.79,50,100,15.01,overcast clouds,0.0,0.0
191,Olinda,BR,2022-07-27 03:56:01,-8.0089,-34.8553,73.13,83,100,10.36,overcast clouds,0.0,0.0
192,Terrace,CA,2022-07-27 03:56:01,54.5163,-128.6035,87.71,35,20,9.22,few clouds,0.0,0.0
193,Siavonga,ZM,2022-07-27 03:56:02,-16.5382,28.7088,58.93,78,5,6.11,clear sky,0.0,0.0
194,Itarema,BR,2022-07-27 03:56:02,-2.9248,-39.9167,77.0,79,56,12.71,broken clouds,0.0,0.0
195,Hovd,MN,2022-07-27 03:56:02,48.0056,91.6419,67.71,31,3,11.48,clear sky,0.0,0.0
196,Dawson Creek,CA,2022-07-27 03:56:03,55.7666,-120.2362,78.44,44,0,4.61,clear sky,0.0,0.0
197,Tasiilaq,GL,2022-07-27 03:56:03,65.6145,-37.6368,36.73,96,100,5.06,overcast clouds,0.0,0.0
198,Deer Lake,CA,2022-07-27 03:56:03,49.1667,-57.4316,53.46,100,0,2.3,clear sky,0.0,0.0
199,Svetlogorsk,BY,2022-07-27 03:56:04,52.6333,29.7333,63.12,83,100,5.1,overcast clouds,0.0,0.0
200,Nampula,MZ,2022-07-27 03:56:04,-15.1165,39.2666,62.55,94,40,8.05,scattered clouds,0.0,0.0
201,Ayagoz,KZ,2022-07-27 03:56:04,47.9714,80.4392,81.37,22,24,9.48,few clouds,0.0,0.0
202,Dikson,RU,2022-07-27 03:56:05,73.5069,80.5464,41.99,99,100,22.62,light rain,0.0,0.0
203,Abha,SA,2022-07-27 03:56:05,18.2164,42.5053,62.42,82,0,0.0,clear sky,0.0,0.0
204,Atuona,PF,2022-07-27 03:56:05,-9.8,-139.0333,77.22,75,12,16.71,few clouds,0.0,0.0
205,Saint George,US,2022-07-27 03:56:06,37.1041,-113.5841,82.44,48,40,10.36,light rain,0.0,0.0
206,Sisimiut,GL,2022-07-27 03:56:06,66.9395,-53.6735,41.41,90,92,2.62,overcast clouds,0.0,0.0
207,Umm Lajj,SA,2022-07-27 03:56:06,25.0213,37.2685,85.59,54,68,7.61,broken clouds,0.0,0.0
208,Port Hardy,CA,2022-07-27 03:56:07,50.6996,-127.4199,64.58,82,20,5.75,few clouds,0.0,0.0
209,Geraldton,AU,2022-07-27 03:56:07,-28.7667,114.6,66.61,55,0,16.11,clear sky,0.0,0.0
210,Dudinka,RU,2022-07-27 03:56:07,69.4058,86.1778,67.62,43,59,13.27,broken clouds,0.0,0.0
211,Henties Bay,NA,2022-07-27 03:56:08,-22.116,14.2845,52.39,84,20,4.81,few clouds,0.0,0.0
212,Tonj,SS,2022-07-27 03:56:08,7.2737,28.6822,68.18,98,99,3.91,light rain,0.0,0.0
213,San Patricio,US,2022-07-27 03:56:08,28.017,-97.5169,85.89,75,100,12.91,overcast clouds,0.0,0.0
214,Gorontalo,ID,2022-07-27 03:56:09,0.5412,123.0595,80.02,91,96,2.75,light rain,0.0,0.0
215,San Jorge,AR,2022-07-27 03:56:09,-31.8962,-61.8598,71.13,60,77,7.09,broken clouds,0.0,0.0
216,Yantal,RU,2022-07-27 03:56:09,56.8471,105.2542,66.9,57,100,7.74,overcast clouds,0.0,0.0
217,Nouadhibou,MR,2022-07-27 03:56:10,20.931,-17.0347,70.74,90,3,10.83,clear sky,0.0,0.0
218,Jacksonville Beach,US,2022-07-27 03:52:03,30.2947,-81.3931,79.03,85,0,1.01,clear sky,0.0,0.0
219,Beloha,MG,2022-07-27 03:56:10,-25.1667,45.05,57.92,89,0,2.24,clear sky,0.0,0.0
220,Revuca,SK,2022-07-27 03:56:11,48.6835,20.1173,52.66,90,0,5.41,clear sky,0.0,0.0
221,Saint-Philippe,RE,2022-07-27 03:56:11,-21.3585,55.7679,67.59,84,60,12.97,light rain,0.0,0.0
222,Tiksi,RU,2022-07-27 03:51:35,71.6872,128.8694,56.14,71,80,3.89,broken clouds,0.0,0.0
223,Bereda,ES,2022-07-27 03:56:11,43.2686,-7.5406,60.42,98,91,5.5,overcast clouds,0.0,0.0
224,Souillac,MU,2022-07-27 03:51:32,-20.5167,57.5167,66.58,94,75,2.3,broken clouds,0.0,0.0
225,Kichera,RU,2022-07-27 03:56:12,55.9375,110.0997,60.58,88,100,5.48,light rain,0.0,0.0
226,Muli,MV,2022-07-27 03:56:12,2.9167,73.5667,82.09,76,49,15.66,scattered clouds,0.0,0.0
227,Chapais,CA,2022-07-27 03:56:12,49.7834,-74.8492,47.98,95,40,3.13,scattered clouds,0.0,0.0
228,Anadyr,RU,2022-07-27 03:56:13,64.75,177.4833,48.7,87,40,11.18,light intensity drizzle,0.0,0.0
229,Karratha,AU,2022-07-27 03:52:57,-20.7377,116.8463,81.45,27,1,15.55,clear sky,0.0,0.0
230,Alofi,NU,2022-07-27 03:56:13,-19.0595,-169.9187,76.89,65,75,12.66,broken clouds,0.0,0.0
231,San Isidro,PE,2022-07-27 03:51:45,-12.1167,-77.05,60.39,82,100,12.66,overcast clouds,0.0,0.0
232,Severo-Kurilsk,RU,2022-07-27 03:56:14,50.6789,156.125,55.2,82,94,4.7,overcast clouds,0.0,0.0
233,Bucerias,MX,2022-07-27 03:56:05,20.75,-105.3333,76.98,92,100,2.68,overcast clouds,0.0,0.0
234,Kilrush,IE,2022-07-27 03:56:14,52.6397,-9.4833,53.35,72,100,4.34,overcast clouds,0.0,0.0
235,Leua,SK,2022-07-27 03:56:14,48.2156,18.6071,64.49,82,1,5.03,clear sky,0.0,0.0
236,Maragogi,BR,2022-07-27 03:56:15,-9.0122,-35.2225,73.04,85,67,10.4,broken clouds,0.0,0.0
237,Lisakovsk,KZ,2022-07-27 03:56:15,52.5369,62.4936,71.24,64,87,16.04,overcast clouds,0.0,0.0
238,Kavaratti,IN,2022-07-27 03:56:16,10.5669,72.642,81.59,78,100,15.3,overcast clouds,0.0,0.0
239,North Bend,US,2022-07-27 03:56:16,43.4065,-124.2243,57.85,100,56,2.91,broken clouds,0.0,0.0
240,Farah,AF,2022-07-27 03:56:16,32.5,62.5,89.17,41,56,5.79,broken clouds,0.0,0.0
241,Cabo San Lucas,MX,2022-07-27 03:53:52,22.8909,-109.9124,87.62,76,39,13.35,scattered clouds,0.0,0.0
242,Esmeralda,CU,2022-07-27 03:56:17,21.8525,-78.1169,77.63,93,96,9.78,overcast clouds,0.0,0.0
243,Dargaville,NZ,2022-07-27 03:56:17,-35.9333,173.8833,58.96,74,43,9.51,scattered clouds,0.0,0.0
244,Leningradskiy,RU,2022-07-27 03:56:17,69.3833,178.4167,36.63,91,100,4.83,overcast clouds,0.0,0.0
245,Yulara,AU,2022-07-27 03:56:18,-25.2406,130.9889,62.96,23,0,12.01,clear sky,0.0,0.0
246,Sungurlu,TR,2022-07-27 03:56:18,40.1675,34.3739,64.83,70,0,3.22,clear sky,0.0,0.0
247,Mattru,SL,2022-07-27 03:56:18,7.6244,-11.8332,72.86,92,98,2.73,overcast clouds,0.0,0.0
248,Marzuq,YE,2022-07-27 03:56:19,14.4,46.4667,80.22,49,100,6.29,overcast clouds,0.0,0.0
249,Jacareacanga,BR,2022-07-27 03:56:19,-6.2222,-57.7528,73.18,58,88,1.57,overcast clouds,0.0,0.0
250,Huilong,CN,2022-07-27 03:56:19,31.8111,121.655,86.32,70,45,3.76,scattered clouds,0.0,0.0
251,Thompson,CA,2022-07-27 03:56:20,55.7435,-97.8558,57.36,82,75,9.22,broken clouds,0.0,0.0
252,Gat,IL,2022-07-27 03:56:01,31.61,34.7642,75.4,59,0,1.03,clear sky,0.0,0.0
253,Baculin,PH,2022-07-27 03:56:20,7.4525,126.5842,87.01,67,100,7.18,very heavy rain,0.0,0.0
254,Kutum,SD,2022-07-27 03:56:21,14.2,24.6667,72.73,72,69,14.14,broken clouds,0.0,0.0
255,San Jose,US,2022-07-27 03:55:04,37.3394,-121.895,70.21,72,0,8.05,clear sky,0.0,0.0
256,Boddam,GB,2022-07-27 03:56:21,57.4667,-1.7833,52.48,86,15,8.16,few clouds,0.0,0.0
257,Bambous Virieux,MU,2022-07-27 03:56:21,-20.3428,57.7575,68.22,94,75,2.3,broken clouds,0.0,0.0
258,Sola,VU,2022-07-27 03:56:22,-13.8833,167.55,84.87,84,75,3.44,broken clouds,0.0,0.0
259,Yarmouth,US,2022-07-27 03:56:22,41.7057,-70.2286,69.98,88,33,7.63,scattered clouds,0.0,0.0
260,Monterey,US,2022-07-27 03:56:22,36.2505,-121.2516,73.18,1,0,7.14,clear sky,0.0,0.0
261,Lompoc,US,2022-07-27 03:52:06,34.6391,-120.4579,63.79,82,0,9.22,clear sky,0.0,0.0
262,Tuktoyaktuk,CA,2022-07-27 03:56:23,69.4541,-133.0374,62.6,51,20,26.46,few clouds,0.0,0.0
263,Palasbari,IN,2022-07-27 03:56:23,26.1361,91.5486,86.05,79,75,2.3,mist,0.0,0.0
264,Codrington,AU,2022-07-27 03:56:23,-38.2667,141.9667,56.08,80,100,15.79,overcast clouds,0.0,0.0
265,Londrina,BR,2022-07-27 03:56:24,-23.3103,-51.1628,67.66,60,0,3.44,clear sky,0.0,0.0
266,Bombay,IN,2022-07-27 03:55:41,19.0144,72.8479,78.78,100,100,4.61,light intensity drizzle,0.0,0.0
267,Coihueco,CL,2022-07-27 03:56:24,-36.6167,-71.8333,43.54,100,0,5.75,clear sky,0.0,0.0
268,Plettenberg Bay,ZA,2022-07-27 03:56:25,-34.0527,23.3716,55.65,78,96,9.31,overcast clouds,0.0,0.0
269,Mehamn,NO,2022-07-27 03:56:25,71.0357,27.8492,57.11,100,75,5.75,light rain,0.0,0.0
270,Waddan,LY,2022-07-27 03:56:25,29.1614,16.139,75.54,45,3,2.93,clear sky,0.0,0.0
271,Abu Kamal,SY,2022-07-27 03:56:25,34.4506,40.9171,85.17,27,0,7.58,clear sky,0.0,0.0
272,Zhaozhou,CN,2022-07-27 03:56:26,45.6833,125.3167,89.44,45,100,11.32,overcast clouds,0.0,0.0
273,Independence,US,2022-07-27 03:56:26,39.0911,-94.4155,72.03,89,81,5.59,broken clouds,0.0,0.0
274,Iranshahr,IR,2022-07-27 03:56:26,27.2025,60.6848,86.34,54,40,6.91,scattered clouds,0.0,0.0
275,Ejido,VE,2022-07-27 03:56:27,8.5514,-71.2375,67.59,92,95,3.94,overcast clouds,0.0,0.0
276,Emerald,AU,2022-07-27 03:55:28,-23.5333,148.1667,66.34,38,0,16.13,clear sky,0.0,0.0
277,Lavrentiya,RU,2022-07-27 03:56:27,65.5833,-171.0,44.82,72,74,10.42,broken clouds,0.0,0.0
278,Kwidzyn,PL,2022-07-27 03:56:27,53.7249,18.9311,56.34,88,21,6.64,few clouds,0.0,0.0
279,Salinas,US,2022-07-27 03:56:28,36.6777,-121.6555,62.42,79,100,9.22,overcast clouds,0.0,0.0
280,Zatoka,UA,2022-07-27 03:56:28,46.0725,30.4654,72.82,68,6,1.28,clear sky,0.0,0.0
281,Lipari,IT,2022-07-27 03:56:28,38.4674,14.954,77.32,68,0,1.48,clear sky,0.0,0.0
282,Bani,DO,2022-07-27 03:56:29,18.2833,-70.3333,72.84,75,8,11.27,clear sky,0.0,0.0
283,Skjervoy,NO,2022-07-27 03:56:29,70.0311,20.9714,55.4,99,100,12.84,light rain,0.0,0.0
284,Prince Albert,CA,2022-07-27 03:56:29,53.2001,-105.7677,62.55,67,20,4.61,few clouds,0.0,0.0
285,Malchevskaya,RU,2022-07-27 03:56:30,49.0552,40.3625,68.68,71,21,3.76,few clouds,0.0,0.0
286,Provideniya,RU,2022-07-27 03:56:30,64.3833,-173.3,48.36,71,0,15.99,clear sky,0.0,0.0
287,Saint Stephen,GB,2022-07-27 03:56:30,50.3333,-4.9,53.87,82,96,3.44,overcast clouds,0.0,0.0
288,Nanortalik,GL,2022-07-27 03:56:31,60.1432,-45.2371,42.98,92,63,2.59,broken clouds,0.0,0.0
289,Trinidad,BO,2022-07-27 03:52:27,-14.8333,-64.9,77.83,61,53,1.74,broken clouds,0.0,0.0
290,Satipo,PE,2022-07-27 03:56:31,-11.2522,-74.6386,67.82,92,76,2.21,broken clouds,0.0,0.0
291,Zhigansk,RU,2022-07-27 03:56:31,66.7697,123.3711,77.04,49,18,3.27,few clouds,0.0,0.0
292,Husavik,IS,2022-07-27 03:56:32,66.0449,-17.3389,53.02,80,100,6.73,overcast clouds,0.0,0.0
293,Panino,RU,2022-07-27 03:56:32,51.6467,40.1346,67.6,83,15,4.94,few clouds,0.0,0.0
294,Vila Franca Do Campo,PT,2022-07-27 03:53:41,37.7167,-25.4333,73.2,94,27,4.5,scattered clouds,0.0,0.0
295,Half Moon Bay,US,2022-07-27 03:56:33,37.4636,-122.4286,67.91,85,100,6.91,mist,0.0,0.0
296,Rosario,AR,2022-07-27 03:55:37,-32.9468,-60.6393,69.98,88,0,5.75,clear sky,0.0,0.0
297,Tyukalinsk,RU,2022-07-27 03:56:33,55.8732,72.1967,69.06,82,100,3.8,overcast clouds,0.0,0.0
298,Fort Frances,CA,2022-07-27 03:56:34,48.5999,-93.4003,64.62,68,75,11.5,broken clouds,0.0,0.0
299,Den Helder,NL,2022-07-27 03:56:34,52.9599,4.7593,60.78,69,20,7.0,few clouds,0.0,0.0
300,Dalsingh Sarai,IN,2022-07-27 03:56:34,25.6667,85.8333,84.27,74,94,8.08,overcast clouds,0.0,0.0
301,Yar-Sale,RU,2022-07-27 03:56:35,66.8333,70.8333,58.06,62,87,9.4,overcast clouds,0.0,0.0
302,Mount Darwin,ZW,2022-07-27 03:56:35,-16.7725,31.5838,54.55,91,78,5.41,broken clouds,0.0,0.0
303,Beeville,US,2022-07-27 03:51:42,28.4008,-97.7483,83.28,74,0,9.22,clear sky,0.0,0.0
304,Tilichiki,RU,2022-07-27 03:56:35,60.4667,166.1,50.22,92,100,1.3,moderate rain,0.0,0.0
305,Tautira,PF,2022-07-27 03:56:36,-17.7333,-149.15,75.97,82,58,13.51,moderate rain,0.0,0.0
306,Rudnogorsk,RU,2022-07-27 03:56:36,57.2639,103.7519,66.9,53,78,8.39,broken clouds,0.0,0.0
307,Acarau,BR,2022-07-27 03:56:36,-2.8856,-40.12,76.33,80,40,11.72,scattered clouds,0.0,0.0
308,Anchorage,US,2022-07-27 03:56:37,61.2181,-149.9003,64.27,56,69,8.01,broken clouds,0.0,0.0
309,Sinnamary,GF,2022-07-27 03:56:37,5.3833,-52.95,78.24,82,25,4.23,scattered clouds,0.0,0.0
310,Bambanglipuro,ID,2022-07-27 03:56:37,-7.95,110.2833,82.62,67,92,9.75,overcast clouds,0.0,0.0
311,Goose Creek,US,2022-07-27 03:56:38,32.981,-80.0326,83.89,88,95,1.99,overcast clouds,0.0,0.0
312,Sylvan Lake,CA,2022-07-27 03:56:38,52.3168,-114.0853,66.45,68,0,4.61,clear sky,0.0,0.0
313,Meulaboh,ID,2022-07-27 03:56:38,4.1363,96.1285,82.15,73,86,6.89,overcast clouds,0.0,0.0
314,Plouzane,FR,2022-07-27 03:56:39,48.3833,-4.6167,53.65,97,100,4.61,fog,0.0,0.0
315,Zhuzhou,CN,2022-07-27 03:56:39,27.8333,113.15,96.93,34,37,8.57,scattered clouds,0.0,0.0
316,Biltine,TD,2022-07-27 03:56:39,14.5333,20.9167,76.95,75,100,16.17,overcast clouds,0.0,0.0
317,Byron Bay,AU,2022-07-27 03:56:39,-28.65,153.6167,66.94,37,0,8.97,clear sky,0.0,0.0
318,Kaimganj,IN,2022-07-27 03:56:40,27.5667,79.35,91.02,54,79,5.95,broken clouds,0.0,0.0
319,Balykshi,KZ,2022-07-27 03:56:40,47.0667,51.8667,77.0,69,0,8.95,clear sky,0.0,0.0
320,Ambilobe,MG,2022-07-27 03:56:40,-13.2,49.05,66.87,82,57,3.36,broken clouds,0.0,0.0
321,Pemangkat,ID,2022-07-27 03:56:41,1.1667,108.9667,82.58,74,100,5.17,overcast clouds,0.0,0.0
322,Snyder,US,2022-07-27 03:51:59,32.7179,-100.9176,90.09,25,0,9.22,clear sky,0.0,0.0
323,Altay,CN,2022-07-27 03:56:41,47.8667,88.1167,77.58,27,41,4.61,scattered clouds,0.0,0.0
324,Viedma,AR,2022-07-27 03:56:42,-40.8135,-62.9967,49.01,97,100,1.79,overcast clouds,0.0,0.0
325,Taoudenni,ML,2022-07-27 03:56:42,22.6783,-3.9836,94.03,11,0,9.55,clear sky,0.0,0.0
326,Tigil,RU,2022-07-27 03:56:42,57.8,158.6667,68.58,50,74,15.14,broken clouds,0.0,0.0
327,Berkakit,RU,2022-07-27 03:56:42,56.5807,124.7681,82.36,40,0,8.21,clear sky,0.0,0.0
328,Kondinskoye,RU,2022-07-27 03:56:43,59.6481,67.41,65.16,50,49,11.14,scattered clouds,0.0,0.0
329,Andenes,NO,2022-07-27 03:56:43,69.3143,16.1194,51.78,93,75,14.97,broken clouds,0.0,0.0
330,San Carlos De Bariloche,AR,2022-07-27 03:56:01,-41.1456,-71.3082,32.25,93,40,3.44,scattered clouds,0.0,0.0
331,Airai,TL,2022-07-27 03:56:44,-8.9266,125.4092,72.16,44,69,5.59,broken clouds,0.0,0.0
332,Pallasovka,RU,2022-07-27 03:56:44,50.05,46.8833,75.27,57,7,2.95,clear sky,0.0,0.0
333,Bo Phloi,TH,2022-07-27 03:56:44,14.3236,99.5161,90.37,56,91,3.44,overcast clouds,0.0,0.0
334,Ketchikan,US,2022-07-27 03:56:44,55.3422,-131.6461,68.41,80,4,7.25,clear sky,0.0,0.0
335,Itamaraju,BR,2022-07-27 03:56:45,-17.0392,-39.5311,63.14,96,33,2.15,scattered clouds,0.0,0.0
336,Linhares,BR,2022-07-27 03:56:45,-19.3911,-40.0722,64.89,94,39,3.51,scattered clouds,0.0,0.0
337,Cherskiy,RU,2022-07-27 03:56:45,68.75,161.3,54.77,43,26,10.85,scattered clouds,0.0,0.0
338,Chipinge,ZW,2022-07-27 03:56:46,-20.1883,32.6236,48.02,87,0,2.71,clear sky,0.0,0.0
339,Martapura,ID,2022-07-27 03:56:46,-3.4167,114.85,86.09,70,40,4.61,scattered clouds,0.0,0.0
340,Mosquera,CO,2022-07-27 03:56:46,4.7059,-74.2302,55.49,94,75,2.3,broken clouds,0.0,0.0
341,Naze,JP,2022-07-27 03:56:47,28.3667,129.4833,76.12,72,17,6.67,few clouds,0.0,0.0
342,Valparaiso,CL,2022-07-27 03:56:47,-33.0393,-71.6273,54.48,95,75,3.44,broken clouds,0.0,0.0
343,Ferme-Neuve,CA,2022-07-27 03:56:47,46.7001,-75.4493,58.35,77,54,3.83,broken clouds,0.0,0.0
344,Haines Junction,CA,2022-07-27 03:56:48,60.7522,-137.5108,66.15,39,63,14.97,broken clouds,0.0,0.0
345,Stornoway,GB,2022-07-27 03:56:48,58.2093,-6.3865,51.93,91,100,2.3,overcast clouds,0.0,0.0
346,Lopukhiv,UA,2022-07-27 03:56:48,48.3653,23.9638,64.83,97,83,4.14,broken clouds,0.0,0.0
347,Nantucket,US,2022-07-27 03:55:17,41.2835,-70.0995,71.71,80,51,12.64,broken clouds,0.0,0.0
348,Lasa,IT,2022-07-27 03:56:49,46.6166,10.7002,59.68,91,100,1.86,overcast clouds,0.0,0.0
349,Koslan,RU,2022-07-27 03:56:49,63.4564,48.8989,63.93,49,32,4.97,scattered clouds,0.0,0.0
350,Kendari,ID,2022-07-27 03:56:49,-3.945,122.4989,84.72,65,38,8.86,scattered clouds,0.0,0.0
351,Namibe,AO,2022-07-27 03:55:04,-15.1961,12.1522,62.4,74,2,2.19,clear sky,0.0,0.0
352,Faya,SA,2022-07-27 03:56:50,18.3851,42.4509,62.71,60,100,2.98,overcast clouds,0.0,0.0
353,Xining,CN,2022-07-27 03:56:50,36.6167,101.7667,69.13,38,32,2.64,scattered clouds,0.0,0.0
354,Sawtell,AU,2022-07-27 03:56:50,-30.3833,153.1,66.18,39,0,9.22,clear sky,0.0,0.0
355,Kirakira,SB,2022-07-27 03:56:51,-10.4544,161.9205,82.63,76,99,6.64,light rain,0.0,0.0
356,Misratah,LY,2022-07-27 03:56:51,32.3754,15.0925,79.63,64,0,5.99,clear sky,0.0,0.0
357,Padang,ID,2022-07-27 03:56:51,-0.9492,100.3543,80.65,64,88,3.78,light rain,0.0,0.0
358,Kismayo,SO,2022-07-27 03:56:52,-0.3582,42.5454,76.62,66,70,17.11,broken clouds,0.0,0.0
359,Chernyshevskiy,RU,2022-07-27 03:56:52,63.0128,112.4714,83.41,48,5,6.44,clear sky,0.0,0.0
360,Nong Ki,TH,2022-07-27 03:56:52,14.6868,102.538,86.11,56,100,4.74,light rain,0.0,0.0
361,Cockburn Town,TC,2022-07-27 03:55:46,21.4612,-71.1419,81.72,82,0,18.14,clear sky,0.0,0.0
362,Genhe,CN,2022-07-27 03:56:53,50.7833,121.5167,76.5,70,88,6.51,light rain,0.0,0.0
363,Poum,NC,2022-07-27 03:56:53,-20.2333,164.0167,74.79,71,0,7.58,clear sky,0.0,0.0
364,Namatanai,PG,2022-07-27 03:56:54,-3.6667,152.4333,84.69,64,41,9.08,scattered clouds,0.0,0.0
365,Gewane,ET,2022-07-27 03:56:54,10.1664,40.6453,79.81,56,89,12.46,overcast clouds,0.0,0.0
366,Pangnirtung,CA,2022-07-27 03:56:54,66.1451,-65.7125,46.74,80,49,1.86,scattered clouds,0.0,0.0
367,Khasan,RU,2022-07-27 03:56:55,42.4308,130.6434,75.49,82,2,7.36,clear sky,0.0,0.0
368,Voyskovitsy,RU,2022-07-27 03:56:55,59.5287,29.964,65.23,94,97,5.75,overcast clouds,0.0,0.0
369,Katsuura,JP,2022-07-27 03:56:55,35.1333,140.3,83.39,80,47,14.61,scattered clouds,0.0,0.0
370,San Juan,AR,2022-07-27 03:53:48,-31.5375,-68.5364,54.5,80,75,9.6,broken clouds,0.0,0.0
371,Borba,BR,2022-07-27 03:56:56,-4.3878,-59.5939,74.84,69,99,3.02,overcast clouds,0.0,0.0
372,Sao Joao Da Barra,BR,2022-07-27 03:56:56,-21.6403,-41.0511,69.67,83,8,7.67,clear sky,0.0,0.0
373,Saint-Leu,RE,2022-07-27 03:56:56,-21.15,55.2833,69.31,72,6,2.89,clear sky,0.0,0.0
374,Sioux Lookout,CA,2022-07-27 03:56:57,50.1001,-91.917,59.07,88,75,4.61,broken clouds,0.0,0.0
375,Woodward,US,2022-07-27 03:56:57,36.4337,-99.3904,90.97,31,0,14.97,clear sky,0.0,0.0
376,Innisfail,AU,2022-07-27 03:56:57,-17.5333,146.0333,74.16,65,14,11.45,few clouds,0.0,0.0
377,Victor Harbor,AU,2022-07-27 03:56:58,-35.5667,138.6167,57.99,73,100,1.01,overcast clouds,0.0,0.0
378,Tucuma,BR,2022-07-27 03:55:32,-0.1833,-50.05,75.76,91,76,5.26,broken clouds,0.0,0.0
379,Havoysund,NO,2022-07-27 03:56:58,70.9963,24.6622,53.83,98,100,12.55,overcast clouds,0.0,0.0
380,Bangassou,CF,2022-07-27 03:56:58,4.7413,22.8184,66.92,98,100,1.72,overcast clouds,0.0,0.0
381,Tambovka,RU,2022-07-27 03:56:59,50.0969,128.0489,83.26,61,37,11.36,moderate rain,0.0,0.0
382,Buluang,PH,2022-07-27 03:56:59,13.3068,123.3425,87.49,67,95,7.2,overcast clouds,0.0,0.0
383,Port Lavaca,US,2022-07-27 03:56:59,28.615,-96.6261,85.98,85,33,11.39,scattered clouds,0.0,0.0
384,Kahului,US,2022-07-27 03:57:00,20.8947,-156.47,79.97,83,43,8.99,scattered clouds,0.0,0.0
385,Elko,US,2022-07-27 03:57:00,41.0002,-115.5012,77.74,8,82,4.0,broken clouds,0.0,0.0
386,Lyubim,RU,2022-07-27 03:57:00,58.3625,40.6843,66.65,93,22,4.41,few clouds,0.0,0.0
387,Junnar,IN,2022-07-27 03:57:01,19.2,73.8833,74.62,81,91,4.43,overcast clouds,0.0,0.0
388,Dongsheng,CN,2022-07-27 03:57:01,39.8161,109.9776,77.45,31,98,8.99,overcast clouds,0.0,0.0
389,Pevek,RU,2022-07-27 03:57:01,69.7008,170.3133,35.91,83,100,11.14,overcast clouds,0.0,0.0
390,Zhezkazgan,KZ,2022-07-27 03:57:02,47.8043,67.7144,80.58,36,0,8.95,clear sky,0.0,0.0
391,Port Lincoln,AU,2022-07-27 03:57:02,-34.7333,135.8667,60.17,55,75,15.64,broken clouds,0.0,0.0
392,Lomovka,RU,2022-07-27 03:57:02,53.9194,58.3672,65.61,80,88,4.27,overcast clouds,0.0,0.0
393,Oktyabrskoye,RU,2022-07-27 03:57:03,43.0645,44.7417,64.54,88,98,8.95,light rain,0.0,0.0
394,Vestmannaeyjar,IS,2022-07-27 03:57:03,63.4427,-20.2734,53.58,98,100,16.06,overcast clouds,0.0,0.0
395,Bairiki,KI,2022-07-27 03:57:03,1.3292,172.9752,86.0,70,40,11.5,scattered clouds,0.0,0.0
396,Chalchihuites,MX,2022-07-27 03:57:04,23.4833,-103.8833,60.53,68,80,4.56,broken clouds,0.0,0.0
397,Minudasht,IR,2022-07-27 03:57:04,37.2289,55.3747,74.77,88,40,0.0,scattered clouds,0.0,0.0
398,Yining,CN,2022-07-27 03:57:04,29.0361,114.5636,101.98,34,49,3.96,scattered clouds,0.0,0.0
399,Bogorodskoye,RU,2022-07-27 03:57:05,56.55,37.8833,68.05,86,80,3.62,broken clouds,0.0,0.0
400,Dunmore East,IE,2022-07-27 03:57:05,52.1514,-6.9861,56.68,71,100,3.65,overcast clouds,0.0,0.0
401,Papa,HU,2022-07-27 03:57:05,47.33,17.4674,60.51,100,20,0.0,fog,0.0,0.0
402,Nioro,GM,2022-07-27 03:57:05,13.35,-15.75,75.85,94,92,4.52,overcast clouds,0.0,0.0
403,Ugoofaaru,MV,2022-07-27 03:57:06,5.6667,73.0,82.18,76,100,15.5,overcast clouds,0.0,0.0
404,Atlantic City,US,2022-07-27 03:57:06,39.3643,-74.4229,72.99,89,100,5.57,overcast clouds,0.0,0.0
405,Ust-Tsilma,RU,2022-07-27 03:57:06,65.441,52.1498,66.18,43,86,6.06,overcast clouds,0.0,0.0
406,Hami,CN,2022-07-27 03:57:07,42.8,93.45,92.8,8,1,2.57,clear sky,0.0,0.0
407,Charters Towers,AU,2022-07-27 03:57:07,-20.1,146.2667,76.23,38,0,11.03,clear sky,0.0,0.0
408,Muzaffarabad,PK,2022-07-27 03:57:07,34.37,73.4711,80.53,88,100,3.94,overcast clouds,0.0,0.0
409,Hambantota,LK,2022-07-27 03:57:08,6.1241,81.1185,80.94,94,20,1.14,few clouds,0.0,0.0
410,Palasa,IN,2022-07-27 03:57:08,18.7667,84.4167,86.74,65,91,5.14,overcast clouds,0.0,0.0
411,Marawi,PH,2022-07-27 03:57:09,7.9986,124.2928,80.69,71,37,3.6,scattered clouds,0.0,0.0
412,Arman,RU,2022-07-27 03:57:09,59.7,150.1667,79.02,72,53,6.08,broken clouds,0.0,0.0
413,Kapoeta,SS,2022-07-27 03:57:09,4.7717,33.5903,74.35,52,100,7.49,overcast clouds,0.0,0.0
414,Atbasar,KZ,2022-07-27 03:57:10,51.8,68.3333,75.11,40,52,9.95,broken clouds,0.0,0.0
415,Tumut,AU,2022-07-27 03:57:10,-35.3,148.2167,55.27,57,6,13.38,clear sky,0.0,0.0
416,Manta,EC,2022-07-27 03:57:10,-0.95,-80.7333,69.58,88,100,8.05,light rain,0.0,0.0
417,Mangaldai,IN,2022-07-27 03:57:11,26.4333,92.0333,85.44,73,63,7.96,broken clouds,0.0,0.0
418,Lishu,CN,2022-07-27 03:57:11,43.3047,124.3278,84.4,71,72,5.48,broken clouds,0.0,0.0
419,San Cristobal,VE,2022-07-27 03:57:11,7.7669,-72.225,71.78,98,97,2.75,overcast clouds,0.0,0.0
420,Los Llanos De Aridane,ES,2022-07-27 03:57:12,28.6585,-17.9182,73.15,50,0,12.66,clear sky,0.0,0.0
421,Jalu,LY,2022-07-27 03:57:12,29.0331,21.5482,80.06,39,8,7.81,clear sky,0.0,0.0
422,Osmena,PH,2022-07-27 03:57:12,10.5208,119.9258,84.99,72,79,14.83,broken clouds,0.0,0.0
423,Mahibadhoo,MV,2022-07-27 03:57:13,3.7833,72.9667,81.73,76,68,15.05,broken clouds,0.0,0.0
424,Waingapu,ID,2022-07-27 03:52:41,-9.6567,120.2641,84.6,54,55,18.01,broken clouds,0.0,0.0
425,Novobirilyussy,RU,2022-07-27 03:57:13,56.9514,90.6661,64.49,65,100,4.23,overcast clouds,0.0,0.0
426,Astana,KZ,2022-07-27 03:57:13,51.1801,71.446,76.95,29,0,17.9,clear sky,0.0,0.0
427,Lagoa,PT,2022-07-27 03:57:14,39.05,-27.9833,72.55,89,30,13.44,scattered clouds,0.0,0.0
428,Santa Isabel Do Rio Negro,BR,2022-07-27 03:57:14,-0.4139,-65.0192,72.41,98,88,1.3,light rain,0.0,0.0
429,Turukhansk,RU,2022-07-27 03:57:14,65.8167,87.9833,69.82,52,0,1.61,clear sky,0.0,0.0
430,Chipata,ZM,2022-07-27 03:57:15,-13.6333,32.65,50.68,93,4,5.48,clear sky,0.0,0.0
431,Sosnovo-Ozerskoye,RU,2022-07-27 03:57:15,52.5249,111.5418,56.35,97,100,8.12,light rain,0.0,0.0
432,Melendugno,IT,2022-07-27 03:57:15,40.2747,18.3368,79.63,66,0,6.24,clear sky,0.0,0.0
433,Coquimbo,CL,2022-07-27 03:57:16,-29.9533,-71.3436,53.33,100,0,10.36,clear sky,0.0,0.0
434,Mala Vyska,UA,2022-07-27 03:57:16,48.6431,31.6366,66.22,60,3,1.25,clear sky,0.0,0.0
435,Brownfield,US,2022-07-27 03:57:16,33.1812,-102.2744,87.94,31,25,14.88,scattered clouds,0.0,0.0
436,Sept-Iles,CA,2022-07-27 03:57:17,50.2001,-66.3821,66.2,80,75,5.75,broken clouds,0.0,0.0
437,Kopervik,NO,2022-07-27 03:57:17,59.2835,5.3067,51.33,87,75,16.11,light rain,0.0,0.0
438,Lichuan,CN,2022-07-27 03:57:17,30.3,108.85,79.27,73,97,5.23,moderate rain,0.0,0.0
439,Bonavista,CA,2022-07-27 03:57:18,48.6499,-53.1147,61.05,92,15,15.21,few clouds,0.0,0.0
440,Talcahuano,CL,2022-07-27 03:57:18,-36.7167,-73.1167,53.28,100,75,10.36,broken clouds,0.0,0.0
441,San Vicente,AR,2022-07-27 03:52:45,-26.6167,-54.1333,59.59,77,5,1.77,clear sky,0.0,0.0
442,La Ronge,CA,2022-07-27 03:57:19,55.1001,-105.2842,61.05,72,75,4.61,broken clouds,0.0,0.0
443,Eregli,TR,2022-07-27 03:57:20,37.5133,34.0467,68.7,40,0,3.06,clear sky,0.0,0.0
444,Kastrakion,GR,2022-07-27 03:57:20,39.7156,21.6181,73.22,54,0,2.13,clear sky,0.0,0.0
445,Kelo,TD,2022-07-27 03:57:20,9.3086,15.8066,73.24,95,100,4.41,light rain,0.0,0.0
446,Shenxian,CN,2022-07-27 03:57:21,36.2411,115.6672,89.1,57,0,3.2,clear sky,0.0,0.0
447,Cayenne,GF,2022-07-27 03:57:21,4.9333,-52.3333,77.09,1,0,3.44,clear sky,0.0,0.0
448,Seoul,KR,2022-07-27 03:55:43,37.5683,126.9778,88.99,58,75,2.3,broken clouds,0.0,0.0
449,Haverfordwest,GB,2022-07-27 03:57:21,51.8017,-4.9691,54.55,86,80,7.07,broken clouds,0.0,0.0
450,Tortoli,IT,2022-07-27 03:57:22,39.9256,9.6572,78.48,50,0,4.29,clear sky,0.0,0.0
451,Mircesti,RO,2022-07-27 03:57:22,47.0833,26.8333,68.9,78,49,8.3,scattered clouds,0.0,0.0
452,Malatya,TR,2022-07-27 03:57:22,38.5,38.0,62.65,42,0,3.44,clear sky,0.0,0.0
453,Turinsk,RU,2022-07-27 03:57:23,58.0458,63.696,63.43,53,89,9.06,overcast clouds,0.0,0.0
454,La Maddalena,IT,2022-07-27 03:57:23,41.2142,9.4083,77.16,65,0,17.6,clear sky,0.0,0.0
455,Cleburne,US,2022-07-27 03:57:23,32.3476,-97.3867,93.25,42,0,10.36,clear sky,0.0,0.0
456,Matara,LK,2022-07-27 03:57:17,5.9485,80.5353,81.61,80,100,5.32,overcast clouds,0.0,0.0
457,Auki,SB,2022-07-27 03:57:24,-8.7676,160.7034,85.3,63,81,3.91,broken clouds,0.0,0.0
458,Port Hawkesbury,CA,2022-07-27 03:57:24,45.6169,-61.3485,67.59,95,75,2.3,broken clouds,0.0,0.0
459,Guanica,PR,2022-07-27 03:57:24,17.9716,-66.908,81.91,84,12,5.41,few clouds,0.0,0.0
460,Berlevag,NO,2022-07-27 03:57:25,70.8578,29.0864,60.6,100,100,4.61,moderate rain,0.0,0.0
461,Dunedin,NZ,2022-07-27 03:52:47,-45.8742,170.5036,46.2,95,100,9.4,overcast clouds,0.0,0.0
462,Gamboula,CF,2022-07-27 03:57:25,4.1178,15.1393,66.74,97,84,3.02,broken clouds,0.0,0.0
463,Ukiah,US,2022-07-27 03:57:26,39.1502,-123.2078,73.36,68,0,3.02,clear sky,0.0,0.0
464,Tchollire,CM,2022-07-27 03:57:26,8.4022,14.1698,70.56,98,100,3.62,overcast clouds,0.0,0.0
465,Kimbe,PG,2022-07-27 03:57:26,-5.5502,150.1429,84.56,72,64,3.94,light rain,0.0,0.0
466,Vestmanna,FO,2022-07-27 03:57:27,62.1564,-7.1664,49.12,100,100,6.91,heavy intensity drizzle,0.0,0.0
467,Aksarka,RU,2022-07-27 03:57:27,66.5606,67.7975,57.96,62,60,10.54,broken clouds,0.0,0.0
468,Buala,SB,2022-07-27 03:57:27,-8.145,159.5921,85.35,67,85,6.38,overcast clouds,0.0,0.0
469,Formosa,AR,2022-07-27 03:52:55,-26.1775,-58.1781,67.98,77,0,5.75,clear sky,0.0,0.0
470,Araouane,ML,2022-07-27 03:57:28,18.9048,-3.5265,93.76,11,85,7.78,overcast clouds,0.0,0.0
471,Santa Rosa,PH,2022-07-27 03:54:25,14.3122,121.1114,90.1,65,94,6.2,overcast clouds,0.0,0.0
472,Bela Vista De Goias,BR,2022-07-27 03:57:28,-16.9728,-48.9533,65.55,50,0,6.42,clear sky,0.0,0.0
473,Circleville,US,2022-07-27 03:57:29,39.6006,-82.946,72.18,100,0,0.0,clear sky,0.0,0.0
474,Urdoma,RU,2022-07-27 03:57:29,61.7533,48.5442,63.32,55,34,3.85,scattered clouds,0.0,0.0
475,Emirdag,TR,2022-07-27 03:57:29,39.0197,31.15,65.88,57,0,1.63,clear sky,0.0,0.0
476,Bilibino,RU,2022-07-27 03:54:02,68.0546,166.4372,51.55,44,38,13.71,scattered clouds,0.0,0.0
477,Monrovia,LR,2022-07-27 03:55:47,6.3005,-10.7969,74.97,82,99,6.35,light rain,0.0,0.0
478,Viransehir,TR,2022-07-27 03:57:30,37.2353,39.7631,85.46,16,0,2.08,clear sky,0.0,0.0
479,Medea,DZ,2022-07-27 03:57:30,36.2642,2.7539,72.01,39,0,1.14,clear sky,0.0,0.0
480,Guarda,PT,2022-07-27 03:57:30,40.5373,-7.2658,59.07,75,0,3.89,clear sky,0.0,0.0
481,Darnah,LY,2022-07-27 03:57:31,32.767,22.6367,77.52,79,0,13.2,clear sky,0.0,0.0
482,Nelson Bay,AU,2022-07-27 03:57:31,-32.7167,152.15,64.99,55,5,13.0,clear sky,0.0,0.0
483,Norton Shores,US,2022-07-27 03:57:31,43.1689,-86.2639,67.42,75,11,5.5,few clouds,0.0,0.0
484,Miraflores,MX,2022-07-27 03:57:32,19.2167,-98.8083,55.56,92,90,5.12,overcast clouds,0.0,0.0
485,Saint-Pierre,RE,2022-07-27 03:57:32,-21.3393,55.4781,69.91,64,0,8.05,clear sky,0.0,0.0
486,Muriwai Beach,NZ,2022-07-27 03:52:59,-36.8167,174.45,59.56,80,83,13.42,broken clouds,0.0,0.0
487,Orange,US,2022-07-27 03:53:41,33.7,-117.7675,80.53,79,4,1.99,clear sky,0.0,0.0
488,Bandarbeyla,SO,2022-07-27 03:57:32,9.4942,50.8122,79.86,63,10,26.19,clear sky,0.0,0.0
489,Victoria,HK,2022-07-27 03:56:03,22.2855,114.1577,94.24,70,16,8.01,few clouds,0.0,0.0
490,Kirkwall,GB,2022-07-27 03:57:33,58.9848,-2.9587,50.97,93,100,2.3,overcast clouds,0.0,0.0
491,Komsomolskiy,UZ,2022-07-27 03:55:24,40.4272,71.7189,93.92,21,3,11.5,clear sky,0.0,0.0
492,Vrangel,RU,2022-07-27 03:57:33,42.7297,133.0839,72.55,83,36,8.1,scattered clouds,0.0,0.0
493,Vardo,NO,2022-07-27 03:57:34,70.3705,31.1107,56.98,97,100,14.83,overcast clouds,0.0,0.0
494,Tournai,BE,2022-07-27 03:57:34,50.6072,3.3893,57.47,84,50,5.86,scattered clouds,0.0,0.0
495,Launceston,AU,2022-07-27 03:57:34,-41.45,147.1667,58.64,65,33,8.05,scattered clouds,0.0,0.0
496,Kibala,TD,2022-07-27 03:57:35,9.1104,18.3463,75.15,94,40,14.97,thunderstorm with light rain,0.0,0.0
497,Nueva Loja,EC,2022-07-27 03:57:35,0.0847,-76.8828,70.16,100,100,2.37,overcast clouds,0.0,0.0
498,Bani Walid,LY,2022-07-27 03:57:35,31.7566,13.9942,74.08,44,0,7.56,clear sky,0.0,0.0
499,Huejuquilla El Alto,MX,2022-07-27 03:57:36,22.6,-103.8667,63.27,86,93,2.06,overcast clouds,0.0,0.0
500,Halifax,CA,2022-07-27 03:57:35,44.6453,-63.5724,67.89,72,20,4.61,few clouds,0.0,0.0
501,Sobolevo,RU,2022-07-27 03:57:36,54.4299,31.8996,63.25,89,31,3.71,scattered clouds,0.0,0.0
502,Lianzhou,CN,2022-07-27 03:57:36,24.7811,112.3825,95.77,52,82,2.13,broken clouds,0.0,0.0
503,Elizabeth City,US,2022-07-27 03:57:14,36.2946,-76.2511,78.03,95,90,3.0,overcast clouds,0.0,0.0
504,Bilma,NE,2022-07-27 03:57:37,18.6853,12.9164,85.86,13,43,4.52,scattered clouds,0.0,0.0
505,Saldanha,ZA,2022-07-27 03:57:37,-33.0117,17.9442,46.45,86,0,6.96,clear sky,0.0,0.0
506,Asau,RO,2022-07-27 03:57:38,46.4333,26.4,63.52,61,32,2.98,scattered clouds,0.0,0.0
507,Camana,PE,2022-07-27 03:57:38,-16.6228,-72.7111,59.27,90,69,8.79,broken clouds,0.0,0.0
508,Pekan,MY,2022-07-27 03:57:38,3.4836,103.3996,87.91,61,48,5.91,scattered clouds,0.0,0.0
509,Alice Springs,AU,2022-07-27 03:55:10,-23.7,133.8833,60.35,25,0,12.66,clear sky,0.0,0.0
510,Ulladulla,AU,2022-07-27 03:57:39,-35.35,150.4667,62.04,43,5,11.18,clear sky,0.0,0.0
511,Quelimane,MZ,2022-07-27 03:57:39,-17.8786,36.8883,60.75,93,0,0.0,clear sky,0.0,0.0
512,Ambon,ID,2022-07-27 03:57:39,-3.6954,128.1814,80.74,78,75,9.22,broken clouds,0.0,0.0
513,Novyy Urengoy,RU,2022-07-27 03:57:40,66.0833,76.6333,59.25,57,58,6.98,broken clouds,0.0,0.0
514,Saint-Francois,FR,2022-07-27 03:57:40,46.4154,3.9054,55.67,94,0,2.3,clear sky,0.0,0.0
515,Gorodishche,RU,2022-07-27 03:57:40,48.8045,44.4744,70.68,83,0,11.18,clear sky,0.0,0.0
516,Pandamatenga,BW,2022-07-27 03:57:41,-18.5278,25.627,52.02,59,0,4.54,clear sky,0.0,0.0
517,Banjar,ID,2022-07-27 03:57:41,-8.19,114.9675,87.06,59,18,2.55,few clouds,0.0,0.0
518,Esmeraldas,BR,2022-07-27 03:57:42,-19.7625,-44.3139,61.66,74,0,4.14,clear sky,0.0,0.0
519,Bonfim,BR,2022-07-27 03:57:42,3.0833,-59.95,74.88,90,100,2.51,overcast clouds,0.0,0.0
520,Bria,CF,2022-07-27 03:57:42,6.5423,21.9863,69.03,96,100,2.13,overcast clouds,0.0,0.0
521,Dukat,RU,2022-07-27 03:57:43,62.55,155.55,59.32,41,97,12.33,overcast clouds,0.0,0.0
522,Conceicao Do Castelo,BR,2022-07-27 03:57:43,-20.3683,-41.2439,60.87,93,99,1.36,overcast clouds,0.0,0.0
523,Bensonville,LR,2022-07-27 03:57:43,6.4461,-10.6125,74.75,89,100,2.84,light rain,0.0,0.0
524,Callaguip,PH,2022-07-27 03:57:44,18.0714,120.4867,87.82,70,40,8.05,scattered clouds,0.0,0.0
525,Mumford,GH,2022-07-27 03:57:44,5.2618,-0.759,74.32,91,94,8.77,overcast clouds,0.0,0.0
526,Kailua,US,2022-07-27 03:57:44,21.4022,-157.7394,82.38,76,27,5.99,scattered clouds,0.0,0.0
527,Sung Noen,TH,2022-07-27 03:57:45,14.8992,101.8207,91.65,100,73,0.29,broken clouds,0.0,0.0
528,Kununurra,AU,2022-07-27 03:57:45,-15.7667,128.7333,82.38,24,2,12.66,clear sky,0.0,0.0
529,Mackay,AU,2022-07-27 03:57:45,-21.15,149.2,77.68,57,0,18.7,clear sky,0.0,0.0
530,Camacha,PT,2022-07-27 03:57:46,33.0833,-16.3333,65.62,83,40,14.97,scattered clouds,0.0,0.0
531,Alyangula,AU,2022-07-27 03:57:46,-13.8483,136.4192,76.95,58,4,15.03,clear sky,0.0,0.0
532,Porto Nacional,BR,2022-07-27 03:57:46,-10.7081,-48.4172,71.6,39,61,1.54,broken clouds,0.0,0.0
533,Gamba,GA,2022-07-27 03:57:47,-2.65,10.0,68.31,94,23,4.07,few clouds,0.0,0.0
534,Vostok,RU,2022-07-27 03:57:47,46.4856,135.8833,80.35,52,34,6.22,scattered clouds,0.0,0.0
535,Afogados Da Ingazeira,BR,2022-07-27 03:53:11,-7.7508,-37.6392,66.51,92,97,8.48,overcast clouds,0.0,0.0
536,Lar,IN,2022-07-27 03:57:47,26.2039,83.9717,87.28,65,98,7.34,overcast clouds,0.0,0.0
537,Bud,US,2022-07-27 03:57:48,39.447,-86.1758,72.91,94,67,3.49,broken clouds,0.0,0.0
538,Trapani,IT,2022-07-27 03:57:48,37.8333,12.6667,77.88,55,0,2.28,clear sky,0.0,0.0
539,Moron,AR,2022-07-27 03:57:48,-34.6534,-58.6198,65.89,97,91,3.96,overcast clouds,0.0,0.0
540,Palmer,US,2022-07-27 03:57:49,42.1584,-72.3287,66.18,82,0,1.12,clear sky,0.0,0.0
541,Conceicao Da Barra,BR,2022-07-27 03:57:49,-18.5933,-39.7322,68.07,87,28,5.28,scattered clouds,0.0,0.0
542,Nishihara,JP,2022-07-27 03:57:49,26.1842,127.7558,87.08,74,40,12.66,scattered clouds,0.0,0.0
543,Inhambane,MZ,2022-07-27 03:57:50,-23.865,35.3833,51.78,100,0,0.0,clear sky,0.0,0.0
544,Furano,JP,2022-07-27 03:57:50,43.2818,142.4743,76.5,81,100,4.23,overcast clouds,0.0,0.0
545,Hervey Bay,AU,2022-07-27 03:57:50,-25.2986,152.8535,64.63,43,0,16.98,clear sky,0.0,0.0
546,Praia Da Vitoria,PT,2022-07-27 03:57:51,38.7333,-27.0667,71.76,100,0,6.06,clear sky,0.0,0.0
547,Xuddur,SO,2022-07-27 03:57:51,4.1213,43.8894,68.63,78,18,18.81,few clouds,0.0,0.0
548,Rio Cuarto,AR,2022-07-27 03:57:51,-33.1307,-64.3499,60.78,98,77,3.44,broken clouds,0.0,0.0
549,Celestun,MX,2022-07-27 03:57:52,20.8667,-90.4,78.06,83,36,9.82,scattered clouds,0.0,0.0
550,Bozhou,CN,2022-07-27 03:57:52,33.8772,115.7703,88.63,61,94,5.06,overcast clouds,0.0,0.0
551,Shimoda,JP,2022-07-27 03:57:52,34.6667,138.95,92.1,77,79,9.84,broken clouds,0.0,0.0
